"consump","leisure","wage","epsilon"
5.051582310504083,0.5667722243230742,11.14112092502736,1.1902678809862768
5.262932210915988,0.620798294397323,10.597105892553419,2.04817970778924
4.049707419456136,0.5821251743894014,8.69595492005634,1.142650902867199
3.727066345307273,0.5328401860858579,8.743396337759332,0.45941562040708034
3.519053405419723,0.4733227637515707,9.293482362668335,-0.396679079295223
4.219788374774253,0.46349453956962294,11.38036161842524,-0.6647125451916877
4.159833937497145,0.5668352583094305,9.173375060294694,0.9809678267585334
4.111024527568348,0.49545147489083796,10.371915151918065,-0.07548306639775595
4.253936104933786,0.516627002738596,10.292571048319267,0.27381537121215616
3.3430336147982436,0.48588512334862555,8.600370370877759,-0.19422906710572047
4.35997770446291,0.48126978758271893,11.324151798417047,-0.33936602980781916
3.3439681849427534,0.44397910723727063,9.41476786416572,-0.84387792144707
3.7068493100972724,0.4464666449470138,10.378292958864813,-0.8889357468973064
5.310941729530982,0.5158924473238984,12.868335631488113,0.3272149538714721
4.3689597043905435,0.5363637632405405,10.181895207635458,0.5924032426727195
4.837484325765742,0.5197702451161152,11.633708285583616,0.3680020230645901
3.688227404753533,0.4816434860338824,9.571985067016133,-0.28113324410584123
4.221946593664266,0.4599682262810925,11.473473471741992,-0.7348855900650615
3.697350734185472,0.45578154849660735,10.140139356181598,-0.7174100165743348
3.8547231098735733,0.45432445078588896,10.605645104521905,-0.775069863870378
4.264323644561611,0.4484896932078208,11.885233120021814,-0.9795392068942285
3.7975587632746275,0.517751357051231,9.168394035949534,0.26040229778962753
3.7487711981988334,0.47059457105505664,9.957539431963216,-0.46848914917290574
4.271886553112127,0.45326641595734557,11.780837942982881,-0.8808972481620518
3.9153376801615702,0.5183852373999238,9.441187262102156,0.2777255506414151
4.929311615341618,0.5914198984662508,10.418383850722998,1.5239161501048377
2.6977461411649353,0.3760857970792375,8.9665249329947,-1.7777276640658903
2.45803810881307,0.31316035223607297,9.811419657939732,-2.9330595087256466
4.886026125845647,0.5435081004432483,11.237243110684403,0.7822577631437713
6.1407402247875,0.6160514977548641,12.459876015168355,2.313579637440314
3.3528518524233286,0.4425178364631027,9.470951157645851,-0.8710572212700244
3.9764052123265707,0.522724049400336,9.508853708013493,0.34572745824234624
4.008663036617441,0.4904655658926074,10.21647419152148,-0.15585327998230183
5.001775847795875,0.6520761905350501,9.588173744872803,2.3330126996935063
3.5792793503377265,0.4388032653755848,10.196139229029308,-0.9983526825479937
4.058279413782487,0.5041589388667448,10.062004015303044,0.06695561532253747
2.8213908433398553,0.3819410593340384,9.23372459699443,-1.7441979909158336
3.6883766767555883,0.446681952009409,10.32159644060875,-0.8805237989758246
3.976868852156345,0.4845407095203428,10.25937752498942,-0.2537643156788447
4.9078133529615995,0.5452156602000835,11.252000151555915,0.814026584678465
3.2334240203557343,0.42591615782085274,9.489614214506288,-1.124843330893562
4.145959125177199,0.48006117502188766,10.795392704346924,-0.3443959131231427
3.807503032326031,0.4845690102237273,9.821880248202657,-0.24249813391006392
5.0304438766325665,0.5898120625075343,10.661116049504981,1.5319949136611484
4.6127425193670994,0.5234589881607341,11.015052333838957,0.41344317166303224
4.107221406694749,0.4865191427434282,10.552568865878989,-0.2276122793136926
3.7753199707406164,0.48798878644997923,9.67061148629386,-0.1858492475538548
5.37648244476253,0.5830599282114334,11.526436187389796,1.5318159396132232
2.049617759229955,0.2829986666870997,9.053124627863243,-3.1432641838306847
3.4969632980008596,0.4146274313315266,10.542486560678038,-1.44006265254071
3.097673764266801,0.5182973030036905,7.4707936601127365,0.21871260044341193
3.9104956790888634,0.4870903434485605,10.035344910050124,-0.20728456986237356
4.267892936962743,0.5892320596668648,9.053930592676188,1.2926413997845343
4.280523146799078,0.5791237994647682,9.239223009732935,1.169667885811809
3.973952225702772,0.5019426590363677,9.89642978675091,0.030760622004816357
3.3556562418166838,0.4273917044244691,9.81434655574168,-1.1401647609599768
3.693051222167425,0.5312648472185606,8.689289441750217,0.4346708909346763
4.046930579391915,0.4813065265851393,10.510273484407145,-0.3143576287418889
3.079368956941234,0.459086164884436,8.384507072099394,-0.5488677437970477
4.210277427064421,0.4648944541218326,11.32051960863211,-0.6358608327768449
4.059869901553023,0.544657455468534,9.317484459247364,0.6657522357081543
3.6419334328910264,0.4439141444427273,10.255173997279838,-0.9202723320418177
3.456489859081052,0.48963336291829906,8.824178765310686,-0.14636329408644466
3.4371624411263406,0.49125421431426614,8.745885381167213,-0.1223834226810898
4.57745799969929,0.5506246701652201,10.391511331861006,0.8417069339097764
3.811434053909148,0.46905575267546923,10.157198883525384,-0.5028909990020114
4.578643292316858,0.5630440532046901,10.164931292357352,1.0253415507478345
4.692407419350233,0.44931567813090384,13.05431695281047,-1.0586387235479116
4.7175896897891585,0.5096399329856268,11.570889034715337,0.1784681518060473
5.593175276689848,0.6648446244871266,10.515944385134585,2.7735950452720286
3.6652332313381386,0.4382206728590098,10.45487313339667,-1.03343204404106
3.9910069112333155,0.48162905791798244,10.35809313625589,-0.30446068653808084
4.628234413401662,0.5504889870830578,10.50937103648032,0.8489719976190662
2.6242896782438487,0.32144319227279217,10.205106770532995,-2.9155060599386986
4.057648718215775,0.4990604240176441,10.163220030427413,-0.015278587910380564
3.6927161692792625,0.45861873228064787,10.064776876088043,-0.6663891623119103
5.355464991012874,0.6609246040794992,10.12873661752932,2.607940688002291
4.807110915952768,0.5867472641556908,10.241016894365147,1.421408316413417
4.440312745084355,0.5185618893422869,10.703430092780689,0.31788141594415675
3.9379982505577686,0.597475023614901,8.238834459413281,1.2849289335849112
2.919555509280734,0.40436066453064157,9.025221063074918,-1.3810658318984672
5.032917351075677,0.6010763412388593,10.466468661664695,1.6926597728195971
4.218650272819807,0.5252122882097958,10.040345512476538,0.40502413565838247
3.465327989470482,0.44046132384764886,9.834370811491226,-0.9368406702520177
4.744374569092881,0.5780802551210814,10.25890117994765,1.2816281942276413
5.100875188453781,0.5383732263623393,11.843259793301732,0.7271425422661754
3.7685000287428796,0.4749981790974556,9.91714335595825,-0.3967146272808418
4.265120601970231,0.5705978465747208,9.343534653113402,1.05541348144974
3.8138963645132753,0.45611201749830677,10.452192164963714,-0.7339610029444202
4.708518321984017,0.5256428092727191,11.197048259108538,0.45939803668120377
4.788233851634977,0.6083942440531787,9.837851644797214,1.7061863874321828
4.356314037394449,0.542222250548019,10.042731631244298,0.6784427697934589
3.387775121015427,0.5221303276232678,8.110463379029682,0.28717953880710856
4.132651478584896,0.5742068654679217,8.996434314698577,1.0681555054109295
3.3541740704168657,0.478127793733122,8.769031298693637,-0.3068768981211787
3.001598468492936,0.37882655074205523,9.9042637805261,-1.9202140874350073
5.029672192219903,0.5995025847188,10.487177871341242,1.6696020873668111
3.662640508828751,0.4858361724112477,9.423548298829683,-0.2135576214062456
4.204386389882367,0.49045134776034416,10.715605148914824,-0.16371133936712523
4.057666001972871,0.44993601771879305,11.272897262552796,-0.9029858060964956
4.59014966890296,0.5213688499554174,11.005043908203055,0.3762642112434747
3.999473000856102,0.4758887858358961,10.505272239791932,-0.4052717901213415
5.440880349250407,0.5699699594567684,11.932384020808845,1.3358534818537375
4.790816923610125,0.600287317037063,9.976091422472804,1.6007607092420073
3.1758977907105725,0.4066613620508758,9.762108252348698,-1.4578910204578128
4.752701815890861,0.5459854192740062,10.881018174007517,0.8005890925757081
4.915902147406854,0.5501279033944586,11.169907300361931,0.8958784545241614
3.543926610281124,0.45553004125226393,9.7247335228945,-0.6919335977533513
3.270103571699316,0.40627592478610874,10.061215088676866,-1.5087649275428612
3.3457188533171944,0.4493334143891862,9.307450620674654,-0.7545227899053345
3.7342287140013104,0.50786240023141,9.191044445059799,0.11562187195478167
3.9132555598998553,0.51599405141452,9.479895042327168,0.24259508593797577
3.970441083954562,0.4863297247141484,10.205116205595598,-0.22321079656735474
3.5970366496226953,0.4711601103756942,9.54303157888962,-0.440351963866306
3.7090210982166814,0.40359815679902644,11.487357646877228,-1.771843921068421
4.073169650939019,0.5434716329360259,9.368404448577925,0.6516157430156982
3.5340607329082583,0.52981067933845,8.338027315061568,0.39769961376726093
3.792538870094634,0.5142928493048076,9.217848535180822,0.21079891204460985
5.001363421456943,0.556440522565289,11.23517073846405,1.0145902521426464
4.0609968973394945,0.5243182933916274,9.681611695899353,0.3767044379595075
4.192481488441469,0.4581472985941229,11.438683315678645,-0.7659836756599786
3.592170031742012,0.48651111867618363,9.229414020167852,-0.1991911526502577
4.968263943011289,0.5884778404882213,10.553209486378977,1.4939602969193957
4.0288633148114,0.5013932371424451,10.044170464316627,0.02239025816949794
4.264015937117725,0.5014204720682184,10.629841058168854,0.024159027700367545
4.401698152163142,0.5719649097561481,9.619685747067432,1.1076477066723394
4.050684253169518,0.509380191242363,9.940228150828805,0.14918598567599098
4.367483302048344,0.6199004067678522,8.80682456077967,1.68950695547295
3.7070705497834466,0.46711808901574137,9.920057253601996,-0.5219047033147043
4.75598611653875,0.5351962758082442,11.10804187995409,0.6255387291142265
3.63117594067921,0.40875864055788813,11.104278846935362,-1.6210711961898705
4.775765781413932,0.537391268597075,11.108679235433167,0.6645881744813291
4.706016198638939,0.5986553453174979,9.826221872584917,1.551054899209944
3.0443992739400607,0.40574744936250456,9.378984632938877,-1.4143891584709811
4.2534767374186195,0.501859866697606,10.594283931807048,0.03152632939159962
4.777847248449779,0.5489780930805506,10.878956985421851,0.8525289085620759
4.418143687990561,0.5356731481738448,10.309793628475656,0.5884524732005968
3.5822133573311365,0.5787495934631919,7.7369673296344255,0.974852850954733
4.224451307408206,0.4829730841697559,10.933454280040664,-0.2978608092161193
4.952837627936028,0.5458421443204555,11.342193158477274,0.8319207290902371
4.517302475029001,0.5182894266679637,10.89473912305701,0.31881365161239494
3.381276239437516,0.47864627122802783,8.830310718713065,-0.30169609609542003
2.7650105758224544,0.40272340364266646,8.58222588634254,-1.335759557429124
4.139135677833463,0.5000425944291752,10.346957749065613,0.0007051564144344443
5.548831045460138,0.6198765238542863,11.189387789197223,2.1461518595624973
3.581578619093802,0.5005892557982478,8.943406639297917,0.00843192674926973
5.6102853165540925,0.6265454634741311,11.192893500189173,2.266255832956846
4.143685647659035,0.5136170748553284,10.084569445111898,0.21971573922855278
4.602381303688359,0.5280364373227028,10.895037203833322,0.4887328443100604
2.5640027945895167,0.40556898274474174,7.902486702870153,-1.193983773117089
4.064272583686962,0.48811971595087306,10.407981000546215,-0.19783963306304916
5.464990509048236,0.6077549304253204,11.240119650744163,1.9378852975011416
4.335313932872296,0.49745815921714237,10.893664754878197,-0.04430393815796537
4.019460699301005,0.45588016075357707,11.021154914530536,-0.7780025330224185
3.882378703493582,0.5059130998184412,9.592503892681531,0.09075429284193888
4.147638416532374,0.5523084872141738,9.387051151098834,0.7856359121856789
3.9493678886511363,0.5725993995589893,8.621577082714595,1.0014741111305963
3.388541179067348,0.45183854970315174,9.37431406996356,-0.7223688978361522
3.2794249846001025,0.4058793130113874,10.099754038548692,-1.520953261638748
2.4420606930352764,0.38019241806582177,8.029028779226234,-1.5391016373104354
3.7513685905631506,0.5109633133647604,9.17719651402147,0.1609799699091261
3.989227164464729,0.46731173347834326,10.670679973012069,-0.5580896494801976
3.2111057760943256,0.3697475365992038,10.85573755821623,-2.262378494384333
3.352057775201414,0.5247722767119475,7.984553309971704,0.31647290242546416
3.4457519593646904,0.4916388322956895,8.76088231088988,-0.11720192998252382
4.47707295356891,0.5061069470616083,11.057625714194941,0.10804533578186754
4.9455386821352985,0.6329909279533802,9.766211614843904,2.0781080723954726
4.154638696847446,0.5134639171639149,10.114242106327858,0.21788370863260595
3.9436129063861327,0.46679853349697004,10.56026482357118,-0.5609860460846783
3.4923516683283093,0.4346945251885125,10.04254558650639,-1.0493331325484936
4.654276308557376,0.5288823712499656,11.000263389280246,0.5083419056905554
3.3097039226886267,0.4157694059402578,9.95053951602021,-1.3410237674389156
4.2883923270503725,0.5209522039647343,10.289793128844968,0.34495015102477056
3.5450855767293,0.43380948265676633,10.214984107246341,-1.0818161323384723
3.50403559146359,0.5174826308299164,8.464138172724677,0.23676064474743808
5.172880787150116,0.5277101770270402,12.253129208850408,0.5432582072199051
3.2180957543444353,0.42623807628809646,9.437494951088404,-1.1138044521818526
3.999800808454004,0.4913910616320002,10.174688554493464,-0.14014922668676377
4.698914458969323,0.6204748561381505,9.466367598309045,1.8247348392914096
4.222713949692796,0.5269748320685355,10.016403281342127,0.4323052743118908
3.094165221294327,0.4255206199736925,9.089351596773447,-1.083150834830103
5.111842652024801,0.5734649359104046,11.142448151405917,1.3097267829248678
4.669203169909196,0.4763961274505615,12.251367351830925,-0.4626875416463504
3.987851023775105,0.4921053733311249,10.129565840697962,-0.12795062500815998
3.154727908559256,0.45500952206122536,8.666653541304242,-0.6238670159248827
5.1768852738278115,0.5381270051555693,12.025240380593809,0.7335782431805761
4.325165183955646,0.4741398996510675,11.402660868497497,-0.47179832688670514
3.352604317365842,0.4297499993132094,9.751612340673923,-1.0960812378074543
4.652695175767466,0.5543117353355622,10.492054558773855,0.9117467045158482
3.5656740832522718,0.500974991920525,8.896836520678892,0.013878949961429552
5.160736420392798,0.643036540669071,10.03196570878989,2.2959002737536816
5.369351402450149,0.5476850480840498,12.254651238959301,0.9349818137328562
4.8588457188967125,0.6300667991040582,9.639544818513468,2.00605558298265
4.1169028011201485,0.4779817313505336,10.766370687138691,-0.37929094747065545
4.184951314644151,0.5126454138850944,10.204303016505124,0.20646021608420043
4.310621705618705,0.48448806930015204,11.121588896516693,-0.27602770597594495
4.382241408776411,0.5790014517975968,9.460773792472985,1.1958637835744343
2.9189965475612096,0.40913832403329525,8.91812247868176,-1.2965048878229888
4.031801154293864,0.5384117140161252,9.360404522544231,0.5752786905523419
4.684610703250551,0.4912953679364,11.919028269408066,-0.16600120902535137
3.663967599120063,0.5248225389692681,8.726682180790002,0.34658945360812454
4.798532606953409,0.600360540899578,9.990939360711701,1.604313725337457
4.131107681263841,0.4985121695798126,10.35859286230134,-0.024658927313389128
3.609378362485694,0.4927618833658714,9.155990155507224,-0.10603539943439125
2.858274991250731,0.4078746308427827,8.759661594252437,-1.2911792929004873
3.6445644892874007,0.4778432061733426,9.533892190478525,-0.3379847738080195
3.713207620111813,0.488354554747857,9.504384632055352,-0.17709246542065574
3.9467018783850194,0.539283755586639,9.14801771214987,0.5749895870501431
3.326181542312577,0.414183237448665,10.038375655910125,-1.3783374401029458
3.381459194770622,0.4431337118757202,9.538484390121775,-0.8678691225561763
4.607133223044291,0.4791938077319672,12.017927685798815,-0.4000757025504719
3.8472239340944676,0.5199400122766265,9.249201454146812,0.29508670487148514
3.919093907540303,0.5582363871667608,8.775614590959922,0.8176961423126682
3.3387674823251228,0.4640165248940257,8.994204147922444,-0.5178283536877095
3.6461523993506564,0.4690436579175142,9.71698566275004,-0.481283731498721
3.2770255865699722,0.39343435637524915,10.411602130916906,-1.7752305315935801
3.958305122874313,0.5051169185272734,9.795517081508596,0.08019658054175013
4.849954034380773,0.5983131682405138,10.132557437778047,1.5938621185391089
4.563109069553715,0.5729122124428161,9.95595173756479,1.1614567490555974
3.8806508709718766,0.4524617763969976,10.720935649730242,-0.8154467778404416
4.6970407754163315,0.5293706993733505,11.091095476611462,0.5212051695434918
4.6897678889160925,0.507763768976077,11.54515193741858,0.14341422789732114
4.191469362130365,0.5719658088617864,9.160227100094064,1.0547570441854799
4.540566491308858,0.5639837910917461,10.06360147895239,1.0302517994558034
3.9834356065443326,0.4849511943486015,10.26761984753688,-0.2472246649408385
4.541796281693706,0.5504040547226852,10.314686644119197,0.8318432480920542
3.7160547281361804,0.4851904027278495,9.573702167344216,-0.22685227760301144
4.492760735771413,0.611734565285069,9.180372073788615,1.6412238125119336
5.2832163637825325,0.6348908567343358,10.401820068250814,2.2449766729644143
3.4797819042828233,0.447456734518479,9.721001037193897,-0.8172370211894714
3.953092231352957,0.48742560955763053,10.13768089386152,-0.20396025238330226
3.8811832843981025,0.5264547049050813,9.215377999845854,0.39006416891952084
4.7705207670199234,0.5338093839782694,11.170936925712898,0.6042919934695284
3.8188509640125003,0.4875918937895723,9.790080117853085,-0.19436216625746833
4.537309667545762,0.5669877669952421,10.003103090722938,1.0721368625131746
4.299810198159133,0.47315116196582724,11.35950448767386,-0.48798319382082245
4.138042925458962,0.501989992228129,10.30409716708663,0.03280811724862138
3.017970549054056,0.4480385960736721,8.419951359943228,-0.7000199898464708
4.351460723002932,0.5122963439046239,10.617538009926385,0.20889103806475368
3.981594065841681,0.49840435009869694,9.985853015360977,-0.025494280605419885
3.6186853368370504,0.539954607554007,8.377290623626877,0.5355381747725992
3.8749743911012273,0.5107684918363425,9.48319652894433,0.16339155904699074
3.580926650330061,0.4884305995424343,9.164369138841582,-0.1696420104131435
3.2780973927881822,0.4357866772708904,9.402815539581296,-0.966057646088673
4.575491952232535,0.5662169427903402,10.10101342447544,1.070173164884718
4.56282289549672,0.5855388742384952,9.740648948011268,1.3331266325844258
3.5799439296071283,0.41822240119562093,10.699880970545596,-1.400016917222221
4.520984014394318,0.4806973289864902,11.756316661688217,-0.3630853005619381
4.413519680572445,0.5209329342533546,10.590421987089076,0.3547017714736277
4.093769151331603,0.4985926691827793,10.263310624987517,-0.023110197326806498
3.983262552972064,0.4836318402256744,10.295182775583429,-0.26962111452261506
2.4933068022860847,0.32321499970294304,9.642601691511866,-2.7274677486373236
3.4090484408711115,0.45030399034459084,9.463186297389818,-0.7524521561696322
3.704534752410396,0.449709804481773,10.297014640028108,-0.8285422072016945
3.307894602763784,0.4113459691405073,10.052045148502097,-1.42584691327411
3.7807782186859673,0.46784797032923897,10.101513895703441,-0.519654679190819
3.834792064309277,0.4317638293506362,11.102111280595011,-1.2121048958574536
4.677076531881605,0.5051124973793273,11.574343725773115,0.09467808314471718
2.7821946294897546,0.3738577658135078,9.30231656227519,-1.8774639908406427
4.751314457646187,0.5938356257495189,10.001324970292162,1.5015689390586453
4.697705824142241,0.5327217175666671,11.022888848985092,0.5771005690964064
3.359676320555567,0.44011720238885044,9.541993309736732,-0.9142420066782524
4.84076745310682,0.5431146775067076,11.141218543681862,0.7685600712681497
3.2249781324883386,0.42243946581966646,9.542722666284442,-1.1842218680508767
1.8932322292761596,0.2932001406814633,8.071415931434501,-2.6706682865952818
3.320794069281538,0.4076838399285251,10.181891407149402,-1.5039249871564468
3.6422862466861012,0.49117076744801097,9.269398975051041,-0.13094668666863077
4.876599303366737,0.5572979055403182,10.93804421048092,1.002763238348737
4.4246541434004225,0.5751614393241955,9.61611349632399,1.1564174897416526
3.581849875779001,0.4563697029755983,9.810713365788764,-0.6848709410730098
3.2063290017761923,0.35414417938646614,11.31717386733197,-2.6410810903131923
4.591882224417594,0.5679010685814964,10.10713502416715,1.0980564295014674
4.82319390424493,0.5523377052828903,10.915409762254598,0.9140599986861827
5.414189545938555,0.6653886883347465,10.171103072642637,2.691496633763001
3.830582498859599,0.5655597735004331,8.466352007213313,0.8880833919485472
3.9114616163634106,0.45388575418322163,10.772153510860294,-0.7947995759614143
3.115580066239753,0.3928558534124784,9.91324183914015,-1.6994333388326155
4.635093929818754,0.6435724143377615,9.00266587441501,2.0680551601055
2.9784650750687516,0.4238660544310231,8.78362705603689,-1.0699714946920091
4.607101543596907,0.4938327815816669,11.661593041781021,-0.11507134623100333
3.801483031872396,0.5380787705715101,8.831148987337679,0.538046873874649
4.371412176026449,0.5222180273824886,10.463570641981809,0.3719678384674491
3.80894781947835,0.529464335729859,8.992456059924626,0.4239307910169986
3.8913793716284935,0.5262798070628453,9.242657896533657,0.3886324260300605
5.02503850051074,0.5437624066510633,11.551549075126083,0.8088377409206128
4.923283563085023,0.6107763391082186,10.075872393553677,1.7858692113271037
3.76240349921024,0.5819658949927478,8.081237087048558,1.0598173287816335
3.5973614580839963,0.4724793536266165,9.517245120002803,-0.41907317983425074
3.737818562679804,0.4618191794514428,10.11710515985838,-0.6180470025270958
2.971036303879098,0.4227822716189943,8.784179539097835,-1.0852710235200715
4.503756360965503,0.5233814472805142,10.756390927608784,0.40239997984397796
4.300729754581144,0.5260131792074273,10.22010931613274,0.4253720562560936
3.1966551870812325,0.42157752412023347,9.478254307295417,-1.189293071673869
4.911401220259371,0.5059913380337084,12.133115853685275,0.1163097575705212
4.002732480884433,0.428079684978725,11.688047288098254,-1.3449728687097366
3.5684124538447253,0.5317666614309707,8.388106834871467,0.4263394397922771
3.3917861120832873,0.44822222025715636,9.45899700749255,-0.7836253818274667
4.516859885055049,0.5386649075431053,10.481608839289384,0.6484326986785897
3.6238103625675877,0.48810948091356293,9.280219152333244,-0.17655459673142
3.517785622895568,0.4230747725640318,10.393510352721266,-1.2792370363858774
4.86917990348818,0.5246813534158322,11.600326254660006,0.45809880324835406
4.044106058318505,0.5087509650229665,9.936359673872909,0.13912437753868148
3.7278026903030077,0.48498994901836245,9.607938004303538,-0.2307450228368145
4.940387158206906,0.5792577875693975,10.661028785942362,1.3519512876599222
3.328315926831013,0.49213984493266505,8.453684356949385,-0.10631563189748175
3.5887918413634923,0.4860578640753323,9.229332829000578,-0.20588258047347827
3.4589688421309983,0.45936202668984283,9.412425933027937,-0.6120030621603532
3.139654287037073,0.40916716427923544,9.591600209927956,-1.3939715938682191
4.788962322310004,0.6103249997924125,9.808221693234865,1.7313472900321156
4.995010826623543,0.6773394471294956,9.218071617916163,2.615564358914155
5.169730711973045,0.6032099241859405,10.712959337808131,1.7690939536995856
3.8506210564909398,0.5161060948507455,9.326137336172405,0.2403322440439555
3.70276470763181,0.4193692785593657,11.036707076969543,-1.423836246312014
4.7888344893189645,0.536440578710154,11.158818607723267,0.650614092459314
5.343288417284763,0.6681627012296503,9.996233715701402,2.689589862008403
3.999656464366579,0.5325059913857214,9.388759302872852,0.4883054864348747
5.173287227428155,0.5875847595289752,11.005406334005349,1.54224938765203
3.6959358055436726,0.42587345808456495,10.848104452689844,-1.28661195106453
3.4224970889361455,0.43090319671890565,9.92826554489676,-1.0976182580451175
3.9015739594770182,0.5366095725204932,9.088483879329267,0.532360815490622
4.872845474300578,0.5347460009828492,11.390560811451643,0.6332422994398428
2.75283748456433,0.38568067775282794,8.922009979226088,-1.6319330142522113
5.1615263594580325,0.5699145884655508,11.32083312114151,1.2663862220028572
3.9615915566704265,0.47076941673158285,10.518927674228026,-0.49195902604156816
4.09994154878551,0.48105658485318414,10.653480478904548,-0.32290128555261977
3.789327484004012,0.4871008137806521,9.72418690546059,-0.20069455636044822
3.1368038280991364,0.3745996585973146,10.467187289508194,-2.100142175408284
3.786068606990838,0.44434675857391187,10.650658899656039,-0.9483899057431546
4.246489738790298,0.6134938771712201,8.652265932894437,1.571166731265045
3.459255104454928,0.44506643668972184,9.715558227058997,-0.8539363727373427
4.955711765507976,0.5949729489664681,10.411632524883231,1.582117511109367
5.008178861890666,0.5479566424024099,11.424669568593226,0.8766220689067517
3.713323097424479,0.5068367816796082,9.158084100365814,0.10017891455630691
3.986736843060779,0.523800568235394,9.513966490365553,0.3623004938291155
2.8650028704289516,0.39561947863724867,9.052268104624625,-1.5118087428417977
4.0730677445633425,0.4872133763612095,10.449907428094857,-0.21379045334920072
3.5247496323870466,0.4541604202675648,9.701279204136915,-0.7115240985354389
4.205147857864126,0.5084344355446947,10.338471304955664,0.13951867176371907
4.30757104045757,0.4830094392652197,11.147740319036211,-0.3030501743138296
4.133265992709196,0.49707433202142653,10.393983672171968,-0.04865495231918264
3.2922150575029425,0.45098848275119235,9.124997598107283,-0.7155679634799419
4.385336742107519,0.523208413759204,10.477031300489035,0.3890484438238102
3.5199944245264807,0.45360281534339086,9.70010079705342,-0.7200917885897745
5.085168275791527,0.49396599454483664,12.868214441758381,-0.12423500182365163
3.8091699680940216,0.47335465311916297,10.058974658307351,-0.4288397904578374
2.734041834962761,0.41054102053640984,8.32450869157509,-1.1915232833345504
2.723044705912591,0.3960084262993279,8.59528650488343,-1.4301397920815637
4.408785818794775,0.5106055568657685,10.79303231112746,0.18314578868758236
3.448338334033967,0.48451957253855965,8.896282342029476,-0.22034920555564785
4.348190083448507,0.45204132422913795,12.02376268050116,-0.9226299775039142
4.193192212044039,0.4939986302140409,10.610333601095217,-0.1018824567880952
4.226974440390592,0.5318599718294799,9.934415692749779,0.5064163265813608
4.514354763481392,0.49849716985566245,11.319910714810332,-0.027219044885483025
4.799813099834152,0.5236040187432047,11.45859496875864,0.43275022466139146
3.8901012889746136,0.4911455006274395,9.900582627767637,-0.1402635242648828
5.025365349075873,0.542845422188521,11.571814792173582,0.7932788644128795
4.623521590065581,0.5441667311213548,10.620645579843632,0.7505267162562552
4.651215497217769,0.5612349004407688,10.359333261271065,1.0149643854186856
2.9246978004625097,0.46387950238024417,7.88108168569475,-0.45546974763078146
3.9280311618390655,0.5044578264752068,9.733299186983972,0.06942297409095285
4.049329097184689,0.5330289773338241,9.496034149585935,0.5018308747006297
4.015929486932333,0.564112906409255,8.898771507673235,0.9128417677260792
4.061406939396349,0.44150752912284863,11.49869105138825,-1.0761389623179014
3.9685488342477218,0.43780004576079407,11.330939982404844,-1.127654317428432
3.1416720362146413,0.42643948466612336,9.209020708631092,-1.0838724944755918
3.1354112651819768,0.43875599065766685,8.932673661282088,-0.8753163986617176
3.100708379599378,0.46411845667771073,8.351069471022313,-0.47943881761909546
3.03803745606425,0.4377101821882934,8.675938953704051,-0.864676250834742
3.880949363796311,0.4461462940970275,10.873533567198827,-0.9369281261664401
4.147992766885165,0.5130208498532799,10.106784081171991,0.21055826883273557
3.7337637848290774,0.4940571458549879,9.446690064485436,-0.08982448193019481
3.893895608557223,0.6117020513582455,7.957092018718662,1.4221176021395165
4.387528840885595,0.5166284166815119,10.61577504066717,0.2824376492374529
3.919041735620315,0.5519763674094235,8.875021574776499,0.7380662114194299
3.4763799971150147,0.44515733753015335,9.761660945551462,-0.856568762211141
4.107943602771284,0.47578931783342726,10.792443863276963,-0.41806788507900344
4.506908682412541,0.542923175504323,10.376488069021134,0.7126269096081731
4.381863251213702,0.4647281772321457,11.786092026180366,-0.6651471185168875
4.05706774915468,0.4874301040734952,10.40422953785942,-0.20924813197817668
3.9509434257190987,0.47927327338794123,10.304516350844638,-0.3417262292375142
3.7423716669854135,0.5182578835982554,9.026325950418236,0.2636825736362374
3.4443460649026596,0.4689117259995,9.181754992266743,-0.4567118640080761
3.9300743393996393,0.4598466748007127,10.68311068331321,-0.68633986785129
4.646906661443721,0.4977663117523628,11.669398249061153,-0.04170527636148155
4.430657530200072,0.5212289365747594,10.625507380969694,0.3609091556243901
4.663327209706049,0.6073924302342116,9.597022817496798,1.6490361654146592
4.812753017466833,0.5385328523315815,11.170982876508804,0.6887197337266227
3.506751404721517,0.4607473070315643,9.51375990484433,-0.5975051144324297
4.30441989204756,0.4820864269736473,11.160913404752565,-0.31989093970693394
4.274908282761213,0.47085598580547583,11.348768019398452,-0.5291978499963362
3.9133106148698733,0.6158607636017988,7.942766543494498,1.472407994944148
4.741551257969001,0.5706667373887618,10.38599007816987,1.174310453402106
4.752958288411023,0.5832570763116415,10.186242228014262,1.3569227944106366
5.07010351723967,0.6619525360101413,9.574144748729376,2.480891235495839
3.4233996088998637,0.460683908144266,9.288905984067402,-0.5843255694541937
3.932723587218185,0.5259390342017909,9.346909364663377,0.3879196827056683
4.726831636996179,0.541139086059665,10.918707774869102,0.7186970540970764
3.360166695159724,0.47936166425385324,8.762086504116798,-0.2893358129739903
3.567467432585934,0.49681603847286104,8.975825950465993,-0.045725895200926625
2.162474577683093,0.383598984809009,7.0466641705261965,-1.3123821810547711
3.394377673928819,0.43997962650478184,9.643564921670093,-0.926096589478437
4.01513072488306,0.48415335877294985,10.366371140796964,-0.26283546287145
3.965725901768965,0.5216063574842829,9.503636805961621,0.32854235876863247
3.4838918155640934,0.4289727072676718,10.151845783367646,-1.1536929955659292
4.481930054371967,0.5155491713425525,10.866883081929114,0.2703536432006412
3.2645281978959497,0.448511537426935,9.098228042873254,-0.7495260385067039
4.5707639277905185,0.5486173409568657,10.414280561699126,0.8101034062217356
4.022635878883881,0.5097101764438882,9.865007765169459,0.1532655456321965
4.096033334416415,0.4304388603185381,11.89493361317686,-1.3238802217086585
3.12818565796919,0.41288393941999124,9.470535661799975,-1.3200572135015995
3.296599808934514,0.4104531702073201,10.039512568721909,-1.438410437108499
3.787368424149164,0.4497552022883521,10.526194040888948,-0.8462183844128301
5.177543566231881,0.5940963061165632,10.893737919521826,1.6400967968463014
5.299331076120692,0.6395813902726505,10.357030310602088,2.313037903759713
4.332315278306691,0.5669310713545883,9.552120833568306,1.0229338897587354
4.29537172051907,0.5799742488815475,9.25767766586725,1.184601308344338
3.9625377537078323,0.46987175028148864,10.541540727161115,-0.5081570743132285
4.727398653197969,0.5590599029243886,10.569973424290941,0.9988185669631838
3.249420592554487,0.41783192062591035,9.721075724919691,-1.2780193948267797
3.533884853019519,0.5341851062143397,8.269335881674603,0.4523010006993543
4.618497715577269,0.5202945868377711,11.095872012736619,0.360297820965244
4.484638285823875,0.5062493218530913,11.07319578574486,0.11071994305186238
4.78556434782571,0.5901658609926992,10.13605806462624,1.4622822439504273
3.733793749085924,0.5544838178856168,8.417273932636569,0.7337683520625925
3.3418040675482428,0.4228950062525906,9.877759308276802,-1.218599311524957
3.7196294357299604,0.43413551882851364,10.709874205199617,-1.1286404926997722
3.873146609146541,0.5441071253691477,8.897941298137791,0.6279401797828484
3.1162687347762574,0.4957351295641401,7.8576959472191845,-0.05361928822283379
4.9976235637253374,0.5983091613317006,10.441139561948539,1.6423354778918429
5.307001326093854,0.6269208561989619,10.581481844196304,2.148817176830664
3.4797425981605614,0.4477027145210106,9.715550311894685,-0.8129550531946251
4.659880801978929,0.5989093744977192,9.725763613833438,1.539150712891108
3.158361506782959,0.4632810992965292,8.521720159690261,-0.5006531141862911
5.2030410736261175,0.5542051698990471,11.73536750517388,1.0177881431131313
3.2205481119646833,0.43199539691361455,9.318814896448686,-1.0139556932295823
3.2059007642274446,0.47073831054322046,8.512959038026652,-0.39856570196643265
3.3304084899181188,0.3618352045187506,11.505266929276688,-2.5433965635851137
3.3180566862488092,0.4257972784148124,9.740717162993327,-1.1564603578970436
4.380410092702405,0.5209291220272849,10.511051089962317,0.35197931343495636
4.35093434838087,0.5629812978990916,9.66047709892294,0.9734870176233876
3.7086741559014813,0.4639190568306429,9.992783496646055,-0.5768784855138819
3.7363366892687564,0.45695397785087444,10.220768584949539,-0.7039414894221192
3.513294191993397,0.47640153001424373,9.218311578177431,-0.3480608785551513
3.4274674463512067,0.4194214700728407,10.214866461640483,-1.3169582766099732
4.268357393748746,0.4557167954201922,11.707812386564335,-0.8295351217539777
3.636503176728607,0.46166970793503914,9.846062873049421,-0.6038439449823232
3.23911163146726,0.48192747670770514,8.4014498758073,-0.24293663771132007
5.048710150390911,0.6091647276400078,10.359903326047668,1.8094976399436877
3.539731463934588,0.462878096247356,9.559027238034941,-0.5677588625587775
4.402350030449429,0.5408212653602376,10.175150073650144,0.6645800019787411
5.103860484255757,0.5784737471544208,11.028721072827931,1.3847441102491695
4.795957966587534,0.6360816060422491,9.424808705812865,2.0520689685247766
4.939609809620988,0.6072202047797316,10.168489476179456,1.7444280382984112
4.2711259591575015,0.5157111586679658,10.352514889801453,0.2602400064738388
4.635748107651725,0.5793182814762774,10.00259325460618,1.269421611618507
3.4762940746508257,0.4849931148457778,8.959648003859414,-0.21513025378587936
3.7065546176067348,0.5047819201050137,9.178603843506398,0.07022616040835049
4.818607026866513,0.5453885075499328,11.043978192062808,0.8020315000827775
5.004179787212424,0.6776304424657564,9.231026739669584,2.6235381826891806
3.232671212894176,0.43891811710518774,9.20636186714827,-0.8997470679302652
3.780029720884287,0.48562454154595824,9.729815416789831,-0.22379289166329175
3.7964256242592596,0.4344751446711857,10.922447667093895,-1.1451068851565966
3.7445162729409858,0.5181802660118789,9.032851399765446,0.26275142606961416
3.402015771858161,0.4054878667321933,10.487415441289398,-1.5859008093151963
4.219219325817444,0.4881411427363295,10.804301656909464,-0.20500267389268476
3.6689006257336594,0.5056526634854277,9.069715465464448,0.08202887909575986
5.07667743838232,0.602794861674061,10.527373740967919,1.7314558839903036
4.298333993730741,0.6117919274309861,8.78226281069968,1.570857738901738
3.717656609070579,0.47315985981558506,9.82135459070731,-0.42177045442468997
2.772169614550268,0.37533870159326765,9.232226795367561,-1.841442207193514
4.700780589553388,0.5496663785340927,10.690076683628341,0.8494998322041031
3.205064698766783,0.49287293822294825,8.128526771835539,-0.09269201993486544
3.277902999759909,0.443778129233552,9.23294430209181,-0.8305494421536298
5.345982972339689,0.5490287672689479,12.171454600941018,0.9548022639265634
3.8607582174575885,0.4495895636776831,10.734118764557829,-0.8657785767310869
3.0873087639027097,0.4447544514532243,8.677003551664868,-0.7669853135264749
3.186872248477285,0.4377626310551577,9.099886623476268,-0.9061648018264443
4.357323176205619,0.44883722010173477,12.135031869733238,-0.9933791433753532
3.212073686991145,0.4059015397885611,9.891788316029647,-1.4892832788414274
4.3533773715235355,0.5743738685749922,9.474180515741779,1.1274103304536482
4.213154786873748,0.5378591737180163,9.791491418073731,0.5931164392885108
4.201735804785386,0.4847585157891602,10.834610604893632,-0.26421687434413416
5.341090512863857,0.6474927589894515,10.3111008553975,2.4333003414097125
5.108735600089096,0.5721719546329541,11.160839758753836,1.2887993931751236
3.9619958066956023,0.48140756731421785,10.28752993227665,-0.30603233243011646
4.158821565421845,0.688912598667164,7.545989094748553,2.2808518550448476
3.1590795766741038,0.40403058651907275,9.773639923808638,-1.500752785698703
3.878206275586514,0.48995194098012296,9.89435379067069,-0.15907048136352478
4.03766416390701,0.5440319354962235,9.277176348627787,0.6535872489117901
4.894699270793522,0.5209837916362913,11.743885676895024,0.39429000007102477
4.06183370680467,0.47849500555952307,10.610961607778455,-0.36510187261342353
3.5600560760265956,0.481369717455274,9.244599179520922,-0.27556719156354686
4.5032308572683375,0.4869417608135212,11.559983194255366,-0.24152484086761947
3.012362677025669,0.3592425847130598,10.48164529071544,-2.360590878521015
3.8208693115570944,0.5530076048933469,8.636565929988402,0.7324858791234666
4.712094826198386,0.6151154897312223,9.575630318335337,1.7636853977285007
2.514622264207514,0.3483935689471616,9.02220393952252,-2.1885186232029885
4.797143726091678,0.49682008370102737,12.069620078448928,-0.06140861057578679
4.013034465181606,0.5479272029201745,9.155035659377207,0.7020404028614473
3.9793532824144946,0.4672133971378445,10.646508926092622,-0.5585005760451078
2.293298734069025,0.3207166051194306,8.938182095432161,-2.5639482082076785
4.5705127167054,0.5455109823209714,10.473008025565678,0.7626190129582581
3.3479133991820538,0.4515091244810305,9.268675918316662,-0.7191139362892219
3.973936643952811,0.5511408443593754,9.012978906898018,0.7374901623872071
3.6636867835349802,0.47899563365025777,9.560856420588085,-0.3213115694005081
4.34262630702071,0.5455265591685182,9.950538232363202,0.7248220281508582
4.419914745801859,0.5769727048188117,9.575658234972,1.1793029036261171
4.445742876548873,0.5110961699194407,10.873058580270746,0.19303888888114815
4.156909046388646,0.5025383864012137,10.339779902579114,0.04199417071400053
3.5983806497922206,0.5069118520426202,8.873289890768019,0.09812938697002556
4.261925380167886,0.5780228083422572,9.216602958088478,1.1505683938649893
4.750183040903701,0.5277492543281257,11.251041574068942,0.4995328225522473
4.126768688669342,0.47993035477340895,10.7483529839911,-0.3451450098541965
3.46682626007249,0.45494002257485855,9.525503604989044,-0.6867503638462559
2.6009240701870224,0.4710673867491523,6.901677295407946,-0.319493695952312
4.058779629832612,0.4788648505271089,10.594794192361697,-0.35827609422413276
3.5208730688679664,0.505319762628573,8.709517540322102,0.07413210547825035
3.0058559921909995,0.3999423913861083,9.394653007941326,-1.504010421971062
4.187637049701316,0.5293201354363601,9.889187963370025,0.46392372870661036
4.754553388154303,0.6152130988882145,9.66037905553888,1.7808035318775006
3.367715090654304,0.5132588712050056,8.201794648838064,0.173994462238157
3.458967709863085,0.46447572728463693,9.308795666472424,-0.5291011134517698
4.4214567137505725,0.5828607498523075,9.4822320658728,1.257127774802905
3.6993086023648516,0.44111238126245356,10.482897214813814,-0.9877005671213491
3.8873518658950577,0.4266872311441545,11.388177282312826,-1.3358380940601455
3.7324563292727317,0.49524298815945167,9.420770254477095,-0.07170354503621261
4.8522394636571695,0.5599117396855436,10.83259896100382,1.038399758511282
3.370992907023467,0.4236893287184427,9.945355825989003,-1.214298846744268
2.957203013952631,0.4202390968231316,8.796191966395162,-1.1225475452108677
4.498882356853257,0.4980595944773684,11.291024223652627,-0.03505466521558808
4.608618576622858,0.5565181633511117,10.35145589155561,0.9360724400012279
3.7099435603419386,0.42928654583093173,10.802643352009005,-1.2222275609233264
3.68888200590789,0.4950214496437037,9.314954959434074,-0.07419995573147893
4.0913164489579135,0.5082285212415409,10.0626890216711,0.13248168057894552
3.818692278736412,0.47118210597009985,10.130616778395702,-0.4671088652437374
4.251010972162881,0.5149351914317524,10.319286394912996,0.2465928283953652
4.2714201145815744,0.5374558353340364,9.93435142425895,0.5953590897559888
3.5915063264533136,0.4623766339737213,9.709363705264119,-0.5844783113046683
4.187627232674794,0.45925669326526025,11.397839416615968,-0.7430170679431864
3.8278606431289353,0.5026466677660053,9.519262954984166,0.040310922270536835
3.7571993280033853,0.45780357603433935,10.258764688312421,-0.6926130946431672
3.8593365246630187,0.5780904067164796,8.345010745343078,1.0426644530515743
3.078355594131617,0.4013779528293592,9.586835713172384,-1.5127573822746734
3.7051510219581005,0.46121440355348925,10.041834647322533,-0.6231656739418259
4.437286985114081,0.5753818869897185,9.63987372006327,1.1626749941775467
3.4904856866632805,0.4144127275408107,10.528410008593253,-1.441756633548042
2.995582027421955,0.36496431309315946,10.259845688862303,-2.2167124962459326
3.4475221729715333,0.44185617634852703,9.752953442513947,-0.9073184080680918
3.707492214762441,0.4795691417421922,9.663601898189695,-0.3158970890268743
4.791649911914049,0.6060264476611735,9.883334981514365,1.6766318386166053
4.151493065823866,0.4594285466813727,11.295263147587587,-0.7332243864223382
5.256011039422261,0.6385616610838757,10.288769589026185,2.2810064076235737
4.2076629481494425,0.46936984494391826,11.205616939058437,-0.5491676549478661
3.935606063329088,0.5257239052337992,9.357587756968295,0.38514192108353973
3.3295129777547197,0.4698685672119697,8.85756467364599,-0.4270257834073537
4.465328669721822,0.5496061111592339,10.155747404954052,0.8060594154804032
3.3230672015283322,0.4630111094338011,8.971348456390135,-0.530944362055444
3.868505908737136,0.4786636904331485,10.10235888488972,-0.3448752904375035
2.5722662592677885,0.34352905466491623,9.35971144339166,-2.343236636177751
3.425347112547459,0.4051811021804571,10.567333638322978,-1.603172685563464
5.4177407322081566,0.59318726267741,11.41659024284052,1.7022092701438971
4.4765640855486435,0.5208113646195418,10.74420699522086,0.35776257492059677
5.006322665236659,0.5777126139913938,10.832208229469344,1.3468787468978416
4.043384518026638,0.5200075588324511,9.719533036945323,0.31114260649701725
4.823541381852188,0.6189504616587129,9.741372049642058,1.8539851239907292
3.7196851862824003,0.5166057485004143,9.000299544381225,0.2391307370598208
3.7762708697806326,0.43401375562045913,10.876011476819832,-1.1482674418945993
3.7901330511054554,0.5062678522605099,9.358023213853922,0.09384753112777248
4.76774719820715,0.6706810898305835,8.88601764404059,2.4266802811818264
3.9306835812332044,0.4674593792646392,10.510762420192975,-0.5472427736879725
4.239345631796691,0.4983477747092737,10.633501961230392,-0.028110305390931727
3.4685086087490093,0.4435501175494074,9.77484976193995,-0.882862592053942
5.048606495127976,0.5637320198200583,11.194606474410211,1.141527810727783
2.725042965585323,0.44936104420851797,7.580327113093095,-0.6141757593038305
3.0501413827925834,0.46615366712202766,8.17901262480611,-0.4429273342597212
5.116397767169005,0.540416098593474,11.834394322461227,0.7652800763690264
3.8104159629669434,0.5282410122983372,9.016755312097285,0.4074276762560587
2.8101330779353955,0.3994169036370015,8.794485950478524,-1.4153226045120288
3.6184013338121757,0.49135558757933595,9.2051495527868,-0.12731697460508856
3.8209830842259436,0.5035927868602431,9.484307519694333,0.054520152696420174
3.3864021091040435,0.4974931915446336,8.508664456768313,-0.03412734720656334
3.383468949479748,0.4962481477997056,8.52262362207691,-0.051160998702032105
3.834241705073175,0.4890047366851624,9.801136413995994,-0.172425721050446
4.802331509658469,0.6088561516123716,9.859331093520499,1.7171981445005389
4.337306560546751,0.45960994454081416,11.796161647677293,-0.7623161970483309
3.5410942488114947,0.44910414073494775,9.855994210542631,-0.8026068708111157
4.054238467651221,0.5219857511200919,9.708690464614024,0.3415245636112221
3.2508192191099754,0.5603031924334706,7.2523663594330925,0.6997453506734762
3.613497738611586,0.5507251613086418,8.20168114805472,0.6656505587793959
4.694912053651404,0.5447978738632958,10.772142015621837,0.7721104948053371
3.98800761429824,0.509442736383848,9.785220520087586,0.14783881252641076
3.5514548661751366,0.42285094183093447,10.498542497024546,-1.2959242652693652
4.952610146996311,0.5404670680695385,11.454467902841515,0.741645971719411
3.9199093627678088,0.5061635744426052,9.680441167374772,0.09546579163579946
3.802951872923949,0.43598307997875135,10.903381483030529,-1.1168014405765259
3.164888127711575,0.43029018397036023,9.1940516121836,-1.0254650343237304
3.1197789012322517,0.425786688504161,9.158866944010168,-1.087535752743631
4.1835135567677355,0.50183281944048,10.420585787494321,0.030558483540014544
4.445750552241158,0.5270444944621566,10.544058895772167,0.45625398786458127
3.8010822490159026,0.440601150870178,10.783795734273632,-1.0248720893871
3.0092014512540746,0.3799676245510264,9.899532410194741,-1.9012230256476441
3.1387816472265375,0.38949624855023773,10.073208852811625,-1.7810037877962255
3.7148100956832666,0.45675277528640124,10.16635885067677,-0.7034668891748834
3.871988605306469,0.4495016718299752,10.767447731459871,-0.8699809745549596
3.379346281653376,0.4374609699153231,9.656136530041461,-0.9662166607264172
3.505874538704232,0.4324749760570423,10.133171665410464,-1.0947882549199073
4.560645685161896,0.5421701245783548,10.514793877449229,0.7094562683644091
3.474336968325769,0.46035777004101464,9.433795828014997,-0.5983627257604593
4.030972691557217,0.5098625167272423,9.882499103463315,0.15594610034378095
3.6845224683678723,0.4923139681768583,9.355113572169277,-0.11504592099967692
3.431212923539303,0.4508314314880863,9.513569495957983,-0.7484297496877796
3.3380208043983175,0.42893214380375433,9.727706505033852,-1.1061235952304473
4.095178682687337,0.5044861983333202,10.146904653230974,0.07283364278989397
3.7219287280346647,0.44867141886926054,10.369305274154332,-0.8515867632541368
3.8757756370048204,0.44656903969671774,10.848758233544944,-0.927455312826314
3.9011146106508385,0.5260978118018846,9.268986021082096,0.38704040443599996
4.613003180712503,0.5170727868730529,11.15172587356895,0.304625662569845
4.212434079948425,0.5406707681800582,9.738907501250301,0.6337421588966091
4.107204242427073,0.4534670951627262,11.321671093227854,-0.842928389728137
4.552901790096228,0.5653073665978121,10.067314834178054,1.0519517128500133
3.776948559241859,0.4990533744491428,9.460282087589505,-0.01432855158788646
5.089543324043028,0.5894791461837635,10.792458386764585,1.5451199386743881
4.793320216590261,0.5874593718337602,10.199258975194882,1.4272332530246163
4.547720521023992,0.6041070097034056,9.410006108141246,1.5674361555349867
3.6642511493704335,0.4148511821140013,11.040860275177835,-1.5041859214014006
4.829170961768265,0.5297282449613641,11.395397092051612,0.5420242498952421
5.126337789222209,0.5491031104218504,11.669797739089205,0.9168373871730536
3.301697364579426,0.5075262369666879,8.131839115137552,0.09792343704881047
3.4085113554636797,0.4679130880751669,9.105620900360792,-0.4674740093612742
3.566961958031206,0.5454782060847421,8.173933253066267,0.5947773136093986
4.023480736271284,0.4796645100096286,10.485142876712198,-0.34115282882719156
4.223213558708303,0.5805694220451413,9.092826366551074,1.1721660241757472
5.330977779538979,0.5246579002343418,12.701080497305636,0.5010911612334493
4.000370392022977,0.4799089792579544,10.41960706332385,-0.33494486661312667
3.962240086492929,0.6396305084856998,7.7432205662636715,1.7299037199749197
3.9563446550778685,0.47618545962290765,10.385514128809463,-0.39572199289183396
3.6881172035225687,0.4515802681705541,10.208919276034527,-0.7909010137824847
4.972423340362091,0.6095824115601202,10.196372233813388,1.7877488936734722
4.130898249006548,0.5715091229269808,9.035066290477955,1.0337434656307323
4.059823707805529,0.49862683390123863,10.177510093173316,-0.022360658927596
5.22710322354936,0.5636770710851489,11.591528846220701,1.1809833701221581
3.736445327339632,0.47424867761248557,9.848328270913829,-0.4057719620517991
3.3826180218894075,0.5741922453492705,7.363862123895072,0.8741463446627569
3.729729829700944,0.43080035274239764,10.822094869346536,-1.198216236075342
2.9189137940010337,0.41954077392411493,8.696752423785263,-1.1195743510261436
3.0874710382769073,0.43763617382924,8.818600994697476,-0.8799387192041668
4.427797352837924,0.4524196741223957,12.23365606675641,-0.931330147729281
4.545472753735521,0.5101925194082549,11.136660625207648,0.18161700730492336
3.6266674758073463,0.5091670826583437,8.903431700829522,0.13058959095107475
2.932710673444083,0.3983428954379287,9.202846049946272,-1.4968554930688527
3.861775891963599,0.4560249919394603,10.585428321427036,-0.7447908732144313
3.6231021011067135,0.5344396366048986,8.47406763307024,0.46695009575723484
4.692466575187914,0.5576787975240496,10.517852292442482,0.9706513164218417
4.125370673662558,0.5064466778891857,10.182144670334917,0.10502561105718163
4.443861882092265,0.5549132419422911,10.010262745168031,0.8795135680501043
3.0053368471934903,0.443205604661965,8.476136175798347,-0.7702352462516978
4.021319320282326,0.4426769061969253,11.355119456167875,-1.0414569243696472
3.580862417864485,0.44572494073554025,10.04224267761219,-0.8720693063607814
2.700806597703465,0.45860083614376834,7.3615396681722896,-0.487618539130902
4.737828879395008,0.715245130629914,8.28007887873074,2.851594655805424
3.3088633596003203,0.44471910626868477,9.300430634076504,-0.8226177880605631
4.171330370128889,0.5048693513858428,10.32774706634197,0.08046308718420084
4.335730317192877,0.5086690658186825,10.654595021948829,0.14778461682669122
4.24000317285453,0.512300936905392,10.345489504827762,0.2036147418468513
4.253629022038692,0.5366798044742889,9.90727848005522,0.5814352600332079
4.402126985419323,0.5138257426836588,10.709192386964375,0.23690006126714624
4.4382553527494935,0.5672084525159173,9.780917696710771,1.0517765481303702
4.580835834507056,0.5563394989931136,10.292357101189209,0.9277859880627455
4.449858731029977,0.5248507218112803,10.59791514545636,0.42138534569486563
3.7028864108423902,0.478186122360204,9.679511380855985,-0.3378362830000078
4.862717731832707,0.5046714599003891,12.044265720892211,0.09002288695164518
4.7225034230764615,0.5166393210420672,11.426016252380675,0.30419384424838336
3.903819213323235,0.5176269608387338,9.427202185811826,0.2658766779970089
3.204536597503029,0.5297952186397251,7.560790671466495,0.36044065783286156
4.712702594273463,0.491675056980369,11.981242813131013,-0.15958906195788597
4.669763792035385,0.5464540466321784,10.681968183819288,0.7939530370153403
2.3036793086294973,0.37381167577752616,7.703341876085924,-1.5553148836097446
4.316087654820584,0.5905634108414712,9.135529681458667,1.3237515644742337
4.061422446129532,0.4920662748688081,10.31726480140395,-0.13096694886409624
4.321943847886481,0.496598210719116,10.878874899760369,-0.0592122240353333
3.858475450073799,0.48972595397811053,9.848557695204017,-0.1618952560156157
3.6202271403371826,0.4558413657867556,9.927321794526264,-0.7014031549466466
3.4491433308622734,0.5158464117571683,8.35797063876335,0.21191015071386685
3.4615328652747106,0.4660624786053455,9.283982899763432,-0.5041205892613245
4.081370857007826,0.5666027262118001,9.004039930003314,0.9595097700130013
4.943923054421739,0.6072674352626466,10.176577005737727,1.7465845042532953
4.14750978290691,0.5615336436765038,9.232549620161908,0.9089798696842943
3.914675754057095,0.5182778036764725,9.441547868459304,0.2761132133467458
3.2758272211823076,0.4290788079747304,9.543198010187064,-1.0829039657850361
4.108248828389931,0.4676463602496494,10.981184655742787,-0.5684500678143676
3.7576238129940016,0.445994441062684,10.53158814053994,-0.9100228864439491
4.398231192316944,0.4641953728491215,11.843696236461923,-0.6784946045356515
5.019785430367431,0.5503205331044001,11.401958332470437,0.9180041947585119
3.397704288647294,0.4355543000963946,9.751092710757682,-1.005465591311558
3.5970494965731192,0.47660321164972747,9.434077993626483,-0.35316340175494815
4.227725639002988,0.5067755220834324,10.42800375801044,0.11304827159762426
5.3574742781851805,0.5658725549197652,11.834542582969087,1.2473144899950903
3.882089218670155,0.5056833295285676,9.596146916414325,0.08726090420884954
3.67950001301826,0.45741879619236253,10.055063444176017,-0.685050729304295
4.190333046280255,0.4293945040864037,12.198377617791618,-1.3780360016727844
2.7943831456792196,0.36929091501940675,9.458610515548328,-1.9781221210802231
3.974837005008455,0.4867551855773192,10.207485001659697,-0.21631399131084808
4.250099597677874,0.5173170920636131,10.269570788594905,0.28454256447982346
4.548186492090436,0.5339098277826371,10.648302052659705,0.577731342053107
2.092781531584973,0.30410530687709353,8.602207377914924,-2.6962028391619937
3.707314344016059,0.4401221434793883,10.52922012372481,-1.0087474109477315
4.029678244658054,0.6230681905805081,8.084344349419508,1.5918810097805025
3.80932136670806,0.45588643022942876,10.444820009204339,-0.7372132739473509
4.555940649195934,0.5159114179672498,11.038572927758759,0.28102295618486145
2.8426027137617758,0.4208570476658521,8.442898632467234,-1.0691134784502354
4.109350383983972,0.5320833642899642,9.653915767192968,0.4955681542135687
3.579304557421616,0.4964542294443029,9.012171578808095,-0.05112814820324464
4.518596165880829,0.5177630678811725,10.908938002212466,0.3100419299916843
3.985517991577266,0.5741378925909676,8.67717939150348,1.0292924699517474
4.380241163325462,0.515434650995842,10.622687946140813,0.2623319697382739
4.4253477204615725,0.49178322553606024,11.248217432685394,-0.14787850522517007
3.826434863764022,0.4931974143952199,9.698030525099576,-0.10555469255161672
4.621661319879089,0.5585942733980199,10.342169486819053,0.9695870503029353
3.094853653940438,0.46305243420515824,8.354490294530132,-0.4938849277432304
3.729540497441154,0.4649873382179044,10.025919500665523,-0.5616546056501103
4.045908241944522,0.5354631684030461,9.444879873836497,0.5359125848198465
4.479005506585657,0.5993755240723075,9.340983504285783,1.4852242097426873
3.945559905584048,0.536538309711238,9.192167255744346,0.5373860065726187
5.1464680158932055,0.6277517471233024,10.247816990309271,2.0946824395389942
4.140008724594607,0.4392624824886477,11.781135680935376,-1.1448910955590879
3.2094573607481025,0.44040992120336087,9.109290022289608,-0.8685172963354819
3.9827480615804927,0.4913051656261466,10.133081077278764,-0.14096873866202625
4.047790500485758,0.4862609981871249,10.4053957534552,-0.22873560179264607
4.068403320517712,0.519386491178162,9.791367771447659,0.30371242387729647
4.889514519709227,0.583286737605531,10.478368108842425,1.3963345523445154
4.242053330023268,0.5313180194387475,9.980024144730493,0.5000873442621413
4.610795952664122,0.5696628601321221,10.117378794000057,1.1276888701281982
4.230385852787774,0.4725035208660702,11.19141357146327,-0.49235915159506904
3.677798041540752,0.5068499866265643,9.070233152266193,0.09940956126854944
4.1768866587697975,0.526406988454672,9.91838717565169,0.4190635770182425
4.559833851959424,0.5484545925879213,10.392459817055068,0.8056998502747942
4.413556099888405,0.49684508707914,11.103954267302111,-0.05605121406488049
3.3465825572461267,0.5001792133786129,8.363458705732228,0.002398149906470964
3.113718170785539,0.5440499538448703,7.154026364629976,0.5042152498670973
4.596780998081035,0.46984634969126043,12.22947938486064,-0.5900215117264437
4.771486074002797,0.5547948412583603,10.750564260791274,0.9425207393725751
4.523742881619179,0.5224997918139228,10.822355703517232,0.38960120042457214
4.236708010141809,0.495641602008975,10.684908190134864,-0.07451053182427303
3.8674454263126097,0.5756466710026498,8.3980452357528,1.0164546640229795
4.340653903071099,0.5359395011978549,10.12393631503531,0.5821587541139502
5.000111281908802,0.530243236705763,11.787305654695722,0.570378040061026
3.6844608503122744,0.3963302737825004,11.620550756659604,-1.9275189047031345
3.986369781723088,0.4618798986050704,10.788437085491207,-0.6580101049467899
3.559137224322365,0.4780498299306213,9.306397057077966,-0.3268431970176432
4.308502352198529,0.4827371111531916,11.156440670953693,-0.30814783236589743
3.017297941135921,0.37845502191338787,9.96584060993928,-1.9380766056795826
3.9983008986259274,0.52486697838594,9.52217672114137,0.37886042033875766
4.544467333831802,0.6688008463549823,8.493685673768788,2.2939861286485743
3.5337679607584143,0.4326287823678539,10.21016199331872,-1.1005936731381474
3.5743573896784824,0.42949282003012207,10.402843839821927,-1.173560292500577
3.3495443507598535,0.452965419445589,9.24337765910353,-0.6956134257631169
4.535007551631579,0.5215308435389622,10.869461528052415,0.374445880821225
4.646815365192571,0.5993275034307226,9.691728100647946,1.5402482498667842
3.1196086868347415,0.4362555982605487,8.938592132895652,-0.911656332647039
4.073970397242341,0.442016984736947,11.520966778196435,-1.0688326280724647
4.118744160613225,0.5012760241523398,10.27064920863221,0.020968954320680664
3.7308875399329753,0.4317567846076231,10.801473401638534,-1.1794036414448774
3.7962341461144513,0.502207474461912,9.44886909086207,0.033373019539245694
4.067708172430864,0.499503447204254,10.179379629905538,-0.00808735906270371
4.304845621759524,0.5132426273436267,10.484431223201332,0.2221462649579825
4.115406472250794,0.460784935157787,11.164119522596673,-0.7004826735757512
3.548771391169954,0.43384059781063167,10.224871211565842,-1.082354186912766
3.6038800576909216,0.4796845439176433,9.391276265276302,-0.305260896839199
4.211905945379707,0.5167215503010032,10.189012687118833,0.27260174106434826
3.8537303014577846,0.4494282199997198,10.71842546252488,-0.8672797671043351
4.659501083123636,0.5284506319161669,11.021609214062819,0.5017147949970162
4.611076713390924,0.539350287530697,10.686646554185078,0.6728361834337854
3.9473601208603095,0.5386194293789266,9.160828373319049,0.5660575430653789
5.069559615618776,0.6333619835701328,10.005257157689465,2.1349135050859793
3.3045247746707096,0.42786626021933566,9.654082016705178,-1.1142160640227243
3.825730071133767,0.48272939074333066,9.906508036631864,-0.2737462870379577
3.7800846618510637,0.5039303452337635,9.376505844516954,0.058964648088563366
2.91879569404209,0.40393594293634016,9.032359415778979,-1.3882961445390036
5.307334284695992,0.5759968115224237,11.517716284461967,1.40049554182241
3.8291110697581505,0.440991623791395,10.853695578267544,-1.0247343230977335
4.333886614655647,0.47293968651910556,11.454649340578676,-0.49594624315164804
3.782070951613664,0.4147460406164546,11.398755446803698,-1.5548624542156313
4.276964022033487,0.5003191113885812,10.685590267987262,0.005455829677163515
4.214031211748377,0.545229795079971,9.661135657329329,0.6991538976332912
4.080526959798949,0.5347755710216973,9.53794259899306,0.5306998404034483
3.7680186158308424,0.48261044928456726,9.759472213605816,-0.2715405392229681
3.362881914770801,0.5395344562889538,7.791165780915787,0.4928312048089726
4.526898115529697,0.47026293860752433,12.03289092091252,-0.572516505670622
4.140885153604613,0.5189513535016294,9.974165029303686,0.3024382837662773
3.112742453587691,0.40693181425214364,9.561621703467281,-1.4238124555984444
3.9412385752322856,0.467293298544908,10.542732443159366,-0.5517088040629217
3.4146759118065977,0.5035062055212784,8.477243861054784,0.04755673476936709
3.915289533183466,0.4881212703832414,10.026426245749935,-0.19056193023301668
3.903127042668216,0.4450699695664674,10.962116379336274,-0.9634390181325884
4.5339234598477836,0.5755433609859849,9.84705012512122,1.190206819598592
4.333609430194063,0.5072014103208091,10.680198590765494,0.12305998777572838
3.7388400290230845,0.4356116622101659,10.728707336637024,-1.1052858112634503
3.163880319442428,0.5049505184799259,7.832154348922128,0.06203715974715336
4.117761631011295,0.5278219772745285,9.751776660271535,0.4341019338053631
4.541042187631439,0.5401826698121397,10.508117071792322,0.6755907178290216
5.100364923598697,0.6342280452756,10.052308790173342,2.1588828150587185
4.215989101593165,0.5360289875525259,9.831532434568281,0.5667522555317046
3.7798649388106176,0.48445901946383957,9.752798448757,-0.2425088813843652
3.933083871806933,0.5899867157495463,8.332992436130874,1.199773794709166
3.555268824893645,0.5078321373662461,8.751092544409024,0.10966361426007003
4.1766097401702424,0.5568021572214679,9.376332522246761,0.8521534625430762
4.406503258219081,0.5310551164706542,10.372047838236442,0.5153682458490073
4.2967520790286,0.5734488774765961,9.366031236158364,1.100679169130509
4.069586617186244,0.5499357898909639,9.250140407285373,0.7390609085441883
3.270198820403726,0.5157081402753579,7.926476637196455,0.1992163310502877
4.378661480456344,0.5214558363136342,10.496242384136343,0.3603290536036146
4.3104659949217385,0.5094438868316463,10.57640033166744,0.15981172450952552
3.590297016825821,0.4909670408996891,9.140880949581309,-0.13211072601340576
4.440808337614142,0.5553561397482295,9.9954065953682,0.8852913989337238
4.608420450714939,0.563266917146557,10.226990771224074,1.0352482844506183
4.399241671529551,0.523262767452825,10.509159893375577,0.3911554283586404
4.766740318512946,0.5207054417091449,11.442986611746289,0.37909134762886193
4.024198248593901,0.4722793175996347,10.651001691771453,-0.4724048562293603
4.871459020552649,0.553073529198805,11.009971467106634,0.9349408674199914
3.5965712134778998,0.5158387162308513,8.715348180332057,0.2208638826901537
4.035997117910819,0.5194298935145956,9.712564602804791,0.30194255357780414
3.2928419678724907,0.43788220594283916,9.399908020875184,-0.9342424809551665
3.083905173394626,0.47049398200785625,8.193264131227323,-0.38680095819260685
4.424187008266829,0.5333642069370127,10.36858808372686,0.5535035495521703
2.9325958466250057,0.4434873838546162,8.265725118085793,-0.7473884012186233
3.6856524926854766,0.47781871580159424,9.641869318844028,-0.3421904697042693
4.260766788280875,0.47581561001871353,11.193324416451212,-0.4331259565992193
2.863626537224136,0.433920134877604,8.249290327446662,-0.8721791875090581
4.9393225472392635,0.5681969656379416,10.866219915689035,1.185669161927299
4.015192725130305,0.43883351751929167,11.437118419725632,-1.1193092855198952
3.4144167037902515,0.4072540865926252,10.479995217352112,-1.5551627663011862
4.864002753238455,0.5576054906275252,10.90377254841174,1.004987467747519
3.7236368762469914,0.5578260787125722,8.344081198303137,0.7720087938514734
4.018186755192147,0.5067339129018157,9.911974146801152,0.10679419294337177
3.9821999520266056,0.4253895720374098,11.701626620023262,-1.3969013919653983
4.8954429817127,0.5468903022096819,11.189270869159948,0.839469268097441
4.497935799238218,0.5970646567871667,9.416768661709572,1.462456669108778
4.075364431818767,0.46908043545807027,10.859982968163708,-0.5372575108934328
4.289601941822847,0.5287657446501257,10.140600977899,0.46672310132649153
5.297275654601658,0.5781566240801612,11.45294249423663,1.4321973138140112
2.8399862183157634,0.4033729303378061,8.800746172832566,-1.3606245016345266
4.7027141742938,0.6221075379867593,9.449158479723105,1.8461015648091164
2.9866299606917623,0.39696319835807903,9.404618529642907,-1.5504349023308013
4.929075387167376,0.5314014355988849,11.594519361836944,0.5825352848651949
3.7482225054120613,0.4625398633819192,10.129458026618652,-0.6071214104707991
4.348881418491813,0.5385713961484647,10.093558276563632,0.6229162157327214
3.6839797363110227,0.41784281621482117,11.020830062616826,-1.4487045774714156
3.8705209010847996,0.45595421930505325,10.611045849581371,-0.7477948774954977
3.999428182891257,0.4494298030252405,11.123617514820895,-0.9000376460742036
4.760918126136149,0.5501942290067715,10.816448708328677,0.8686772856093565
4.478098274246369,0.5250565724116929,10.660989952181586,0.42740458674747006
4.030962627256256,0.4726034402352081,10.66158824735306,-0.4673453433699371
4.75651848751554,0.6100749643259357,9.745766433742611,1.7164238280369903
3.8872557985956835,0.5433369789884599,8.943013150496071,0.6201010767945097
4.448334932872211,0.5265316708166189,10.560463832054754,0.44829880010061796
3.8711019809010128,0.481298096148369,10.053805562186543,-0.3008404879472094
5.56664889642013,0.6117012192228354,11.37534289921095,2.0330234734714985
4.563276537912394,0.5629741600252356,10.132073685468626,1.0208941274498875
3.3749431029234094,0.5226882018618154,8.071119385567393,0.29299069739290395
3.765144163409175,0.5310954320542867,8.86174107364643,0.44089546790120593
4.380286994100055,0.5393567185443071,10.151646497336213,0.6392567903311394
5.124606659919182,0.6170741208395751,10.380857191326495,1.944527566777169
4.6198689434547395,0.5406487915661862,10.681307846059376,0.6946916100619787
4.69297760361751,0.5478235594239572,10.70823242923376,0.8193692638480105
3.952444425438173,0.46144722610497113,10.70665344225913,-0.6604339029309585
2.9916425557598676,0.43520914532593724,8.59254276906154,-0.8907491037294962
4.786426260024981,0.571545206179785,10.468170776939742,1.1983158984981672
3.484045878469386,0.5093056882053694,8.550969386249276,0.12731624793935098
4.716786050743104,0.6065590230015226,9.720377308465295,1.6572702547139708
2.847304164849705,0.44484267544202477,8.000874022541895,-0.7060908883341059
2.9009411643642125,0.4156498594339315,8.724113272632188,-1.1774082893773257
4.18391059740387,0.5227681175148851,10.004221894052145,0.3644436795660244
3.126047321220838,0.38960961431788693,10.029421779971337,-1.771442781535393
4.445656647278828,0.5690585765445867,9.76537572430934,1.079012715110184
4.466831652408065,0.4916512787902183,11.356707093794647,-0.15170237021958652
3.3197414398129643,0.4192368672271637,9.89816765689574,-1.2790512458906642
4.0355590550247,0.577481971034894,8.735249015204436,1.08291889788585
4.147495204971804,0.48554860432214875,10.67734303026657,-0.24688401426964762
3.77790985792254,0.47632889535637624,9.91413153482955,-0.375485512018561
4.8684406415038115,0.6215832285929896,9.790403797822801,1.9045582447493816
4.985631583312035,0.5456755383196927,11.42077854237421,0.834640332724701
3.6557130530399258,0.42179605363025247,10.833769725844013,-1.3555896745953595
4.13255262110743,0.5214608307708011,9.906191360046323,0.3401521541778014
2.674369521600695,0.39540577461219545,8.454509561170587,-1.4148686057350799
4.340296927531796,0.5507306673786195,9.851223984381605,0.7996146675583068
3.0039412787753905,0.3708858191137583,10.124211832746091,-2.0914869086460928
4.5737899190242,0.582200569586294,9.820047759216147,1.2915416306754839
5.185575528585134,0.5627796919657276,11.517774189915434,1.1569317052379195
3.8839731518338576,0.42418202464001703,11.445478963688995,-1.3884368672834813
3.566356087304225,0.4288454637540252,10.395225054047078,-1.1834678686292128
3.7496959673846493,0.48122548770234685,9.739966146867813,-0.29258098272495203
4.876780304724093,0.5654441127657341,10.780862764824127,1.1288703975888863
4.218910997948868,0.5577894497270453,9.454532978378749,0.8741956131947359
4.142593454752175,0.5781422468291639,8.956691621898278,1.1198336119857286
3.177403242389231,0.4879844333124989,8.139099901252543,-0.1564734362235732
4.396461238329135,0.4518174166417357,12.1632684918587,-0.9376923168286909
3.923936360207766,0.4406295433677163,11.131619574964427,-1.0574229395560086
4.263004426698287,0.5192057274432024,10.263283418721125,0.3153821184196738
4.405065560012011,0.5423801042532285,10.15216433426584,0.6883996526113504
4.016746454417444,0.47843107319580475,10.494579782377379,-0.36217091706701643
4.527946075728213,0.4626527123320894,12.233652681144555,-0.7310299934592186
4.460674800042533,0.4937645294633253,11.29251529289391,-0.11266263423006205
3.112132067408262,0.4238798630225755,9.177518027208432,-1.1177502869502214
4.283180387267294,0.534676290999285,10.013489608970294,0.5555690873583535
4.098896369371145,0.4895080433752337,10.466876961583257,-0.17570883052431627
4.13416756112944,0.4564574589564806,11.321338604534663,-0.78873576136885
3.9565353460525894,0.46738803700439535,10.581505710466498,-0.5521338762680202
4.730642542128161,0.5205752893050188,11.359169939769153,0.37394913244099753
5.555362285603634,0.6158020773497654,11.27667981714253,2.0893807174932446
3.8964189992408484,0.42010847352164166,11.593490862545428,-1.4819546915546458
4.818284474499557,0.5573189323119907,10.806838318122688,0.9910982945009624
4.753123577986102,0.5142992416060558,11.55242705380779,0.26430551292597254
5.200789033802509,0.5657073118788328,11.491784100619089,1.2081507871097457
4.355181985112297,0.47894614198534746,11.366575495991613,-0.38289642656869805
5.23779689795333,0.5853978632058541,11.184267203481976,1.5281800331210775
2.8368718469231218,0.4321114858102793,8.206423400212117,-0.89139502632345
4.70032860566401,0.5451351503647578,10.777897468451064,0.7783392365671693
4.018511577412184,0.546824023880431,9.186025581172332,0.6882026898865019
3.2356730044187687,0.40256188216425925,10.047129235830447,-1.5663573798268209
4.300977802637483,0.5530313685335693,9.721369454236509,0.8248600418857586
4.281698935764044,0.4733505049496509,11.306893335361174,-0.48211679676085206
3.6085763305988823,0.4234222260321062,10.653008122692583,-1.3052538369563027
3.4622023287644828,0.4398948870753255,9.838152336184212,-0.9461172114184042
4.5469037103105805,0.5206182750736156,10.91707669517471,0.36014606448139297
5.044026707972272,0.6056700867923056,10.410012847683266,1.7600431377979309
4.807931595717406,0.5356990550018005,11.218826015339076,0.6408023791635512
3.823622602543103,0.49615613681555376,9.633113245066381,-0.05924539096689921
3.497688101087661,0.44963169387193985,9.723758769560408,-0.7836308134730048
4.56753828297836,0.5819101235868605,9.811520065212815,1.285860513786468
3.3014948090004257,0.4680371892682918,8.817394441886748,-0.4509259355085471
4.323925472012129,0.470297871150458,11.492518192339466,-0.5461636098473159
4.21308252551236,0.4830165044687795,10.903050119751859,-0.29627504477676625
3.984818948094578,0.48415735439714724,10.288026485356994,-0.26078329209643825
4.286348302647257,0.5412034090987519,9.90003996322097,0.6526646347177373
3.7546597074194574,0.48517335753878116,9.67350033003239,-0.22948084918699643
4.253642132247155,0.5078705130368747,10.469307685368397,0.13183811619959038
4.554279072297723,0.5149050313292405,11.056114222997431,0.2636667661975013
3.9691134773815318,0.45877561158059077,10.814419340282155,-0.7133085174626611
4.752653598797997,0.5931662385786112,10.015433468926556,1.4929604224547504
3.8709147073576857,0.4594947063329895,10.53035718912202,-0.6824563365822438
4.561909750135932,0.5599829949785866,10.18314348614813,0.9773047113533596
3.7733678110223754,0.5350692068706349,8.815139617851978,0.49462392776316805
4.65822917131404,0.5976643386953516,9.742569678581086,1.5224025997632107
4.39750856955224,0.5467917002026155,10.052979425077979,0.7526335990420965
3.8084494212690125,0.4528733678344532,10.511904904786713,-0.7926250812913452
4.499988368905153,0.5510242200707549,10.208236328358051,0.8333876751238651
4.767583538146526,0.5978240593481322,9.968617571499845,1.560273019093175
3.584925687401205,0.4172626369644793,10.73941616688047,-1.421681558701967
3.255938377600423,0.4492621739861119,9.059126736377193,-0.7354246339009091
4.152266754867666,0.5278850449844515,9.832317647372374,0.4386793918374321
3.500188600146366,0.4061645529533233,10.772076781121177,-1.6172842246042107
4.618973861582537,0.5746320897700514,10.047676469458258,1.1998065475984676
5.0371261904217555,0.5839736535463229,10.782006516545255,1.4486471676073072
3.278187217173443,0.459671424224211,8.91448501151135,-0.5752135748621934
4.4673006124363415,0.5451914603528683,10.24250409559088,0.7405979483999774
3.1343730281682736,0.3864427882702963,10.138541600807235,-1.8420872243092414
2.382650541811045,0.43796227529560927,6.800387488291197,-0.675008907010868
3.3955589563588293,0.5087958354567902,8.342145119245968,0.11740181732088419
3.63324541263824,0.4021151616229368,11.294169430140553,-1.768844718835962
3.3446080002248815,0.4173460659967287,10.017489898452457,-1.324775918312202
3.531591012105402,0.47016597452667264,9.389213606058847,-0.4481888606362742
4.733112784779746,0.5398443215910577,10.95943912781667,0.6986742673061559
3.0635988341634808,0.4333543172041423,8.836876409610962,-0.9423034593618086
4.137188612695615,0.4846240869263349,10.671128211288451,-0.26252534363953056
3.8119346800203524,0.506034706460653,9.416188828929542,0.09091829689707104
3.916262838643639,0.5128304740123597,9.545705250321312,0.1959614770302283
5.039962873953028,0.5105467920222758,12.339620365622451,0.20822945540809545
3.2073657644496825,0.4273102457245556,9.382427043760705,-1.0912101061091997
3.786345318630614,0.4827143360661862,9.804829263739379,-0.27117277373027493
3.5553929899757564,0.5179846475609152,8.579870578011775,0.246889517542092
5.308077487646777,0.5987327144643535,11.081901321350802,1.7506339182129125
4.469804343855611,0.5650807411556231,9.887534688216856,1.0295809371377374
4.292677750214285,0.5177367077893139,10.364046255633502,0.2941184959217675
3.8394132458445402,0.46101431389568653,10.410233289180697,-0.649360139655477
3.833836895251378,0.481371673439561,9.95550088110019,-0.2967269143773961
4.4503577864484924,0.5751008106136948,9.672994943485385,1.1623196181086766
4.167240439566509,0.4591312687325403,11.345449339222824,-0.741878592245241
4.5956460416846365,0.5666526294306634,10.137705630833413,1.0811275787025423
4.2700124456165724,0.4947472263547929,10.788368833002975,-0.09067017516923515
4.428847391816164,0.5227889181901763,10.589473202560002,0.38611622158432585
5.040729618278633,0.5418158633017416,11.629249805370248,0.7780593922610669
5.0768502143042,0.638532102663767,9.938517956115835,2.20288606371573
3.3592206407807392,0.43685162897590524,9.612018182968761,-0.9711732648135304
4.606052686785732,0.5677565340964355,10.140906379254849,1.0993802701675848
3.1779131608116398,0.39441649985543986,10.071565090381604,-1.7014257506820045
3.3453893048558374,0.4624068448985043,9.043414208082634,-0.5439527567544324
3.586050603256478,0.40785463275686523,10.990590504687958,-1.6203711972374109
4.336109672980662,0.5068066950470081,10.694683286934655,0.11647271641359806
3.4641575990865325,0.48732737297104217,8.88560183364761,-0.18016626874502428
4.173806760851872,0.4820947017910303,10.822061374419174,-0.3100355778315958
3.381823744285438,0.45684626203908274,9.253177779082185,-0.6388947346948716
4.404585221594077,0.5273854172611898,10.439673428182525,0.45743170064213445
3.7947975324741163,0.4943702062576338,9.595029909874143,-0.08642886295108151
5.1026558053058695,0.5673005397755458,11.243281663641529,1.2106862796985158
3.967231770914357,0.5156715986138927,9.61666247854773,0.2411335589905312
2.7682366170792956,0.38558172656679923,8.974221372364877,-1.6429038637333102
3.471954939710151,0.49962412966415987,8.686417282437771,-0.005223946529915548
3.384746988018733,0.42306643864251986,10.000636657918509,-1.2310153502973418
3.178387015839273,0.3911995595959515,10.155900415385352,-1.7679463006297367
4.0906741067229,0.5202678482584808,9.828288737272114,0.31871722362810767
