"id","share","const","x1","x2","x3","price","z1","z2","z3","z4","z5","z6","s0"
1,1.53e-06,1,1.3083,-1.086,0.62005,8.4422,1.7171,1.7605,1.1005,1.2698,0.99395,1.2324,0.880219206
1,0.00017927,1,0.32607,-0.099568,0.2152,4.8189,0.82205,1.3412,0.88167,1.5278,1.59,0.73792,0.880219206
1,1.24e-07,1,1.337,-1.2829,-0.35014,9.3389,1.2528,1.8106,1.2831,1.2977,1.7962,1.4254,0.880219206
1,0.0054846,1,-0.62182,0.19163,-0.35314,2.713,0.27334,0.28097,0.57756,0.43412,0.95288,0.41781,0.880219206
1,5.89e-06,1,1.23,0.050389,1.8702,8.884,1.5889,1.8697,1.7405,1.8711,1.6301,1.8406,0.880219206
1,0.00023179,1,2.6024,-1.7947,1.0032,6.3078,0.83207,1.0138,0.75013,0.90964,1.2246,1.127,0.880219206
1,1.59e-06,1,-1.2601,1.4713,0.55289,9.3456,1.8368,1.998,1.5115,1.4866,2.2244,1.9482,0.880219206
1,0.0023788,1,-1.2407,1.132,0.024772,3.497,0.94524,0.58032,1.0182,1.0191,0.95907,1.0076,0.880219206
1,0.0055376,1,-0.51686,0.60341,0.24356,2.9493,0.53327,1.4151,0.45163,1.0131,1.0701,1.0146,0.880219206
1,0.049902,1,1.0055,-1.4132,-0.42419,1.5627,0.1836,0.078436,0.10727,0.58053,0.34109,0.77879,0.880219206
1,5.73e-05,1,1.299,-0.90128,0.36479,4.9502,1.6832,1.2252,1.8623,1.923,1.5701,2.0095,0.880219206
1,1.53e-05,1,-1.7323,1.9303,0.035997,7.9541,1.6554,1.2169,1.1732,1.0973,1.3224,1.0846,0.880219206
1,0.055985,1,-0.18832,-0.83191,-1.3163,0.75047,0.77171,1.0759,0.87261,0.41491,0.28284,0.35731,0.880219206
2,0.0052917,1,-1.0146,-0.091348,-1.8052,2.9507,1.368,1.401,1.214,0.79356,1.0486,0.68993,0.91164362
2,2.1e-05,1,2.1255,-2.0346,0.4312,6.1437,1.7731,1.0474,1.7432,1.2625,1.7635,1.6153,0.91164362
2,0.047354,1,0.15783,-1.6534,-2.1731,1.3963,0.67216,0.72302,1.421,0.67412,1.3795,1.3902,0.91164362
2,0.0069209,1,-1.3321,1.1275,-0.32103,3.0858,0.19896,0.077808,0.63896,0.076991,0.23381,0.33017,0.91164362
2,3.67e-05,1,-0.53674,-0.13963,-1.3435,5.4841,1.0673,0.82654,1.1544,1.1076,0.67722,1.2529,0.91164362
2,0.00027098,1,-0.51323,-0.032836,-1.2422,4.4693,0.80693,0.64577,0.7138,0.8731,0.11074,0.13714,0.91164362
2,0.0031687,1,1.8425,-1.6282,0.44815,2.8708,1.5762,1.0446,1.272,0.67485,1.6435,1.3572,0.91164362
2,0.02518,1,0.43367,0.25804,1.0356,2.4125,0.9464,0.76116,1.6088,0.81706,1.2263,1.453,0.91164362
2,2.01e-05,1,-0.17788,0.49243,0.84809,6.7702,1.5745,1.2745,1.1649,1.7892,0.9125,1.5064,0.91164362
2,9.23e-05,1,0.50971,0.076926,1.0221,5.574,1.0055,1.6734,1.3515,1.145,1.2347,1.621,0.91164362
3,1.1e-05,1,-0.53594,0.54179,0.028265,6.6468,1.227,1.3132,1.2716,1.3821,0.83191,1.7234,0.91692557
3,4.39e-05,1,0.52784,-0.94348,-0.72774,4.6535,0.84627,0.56843,1.1138,1.4964,0.85575,0.55062,0.91692557
3,9.27e-06,1,-0.51415,0.21537,-0.83249,5.9527,0.83744,1.0482,1.2967,1.2648,1.0767,0.76188,0.91692557
3,0.081285,1,-1.3204,1.0005,-1.1317,1.2027,0.19165,0.16357,0.21721,0.57404,0.58734,0.12396,0.91692557
3,0.0002989,1,1.0505,-1.373,-0.73073,3.7144,1.0343,1.0973,0.59336,0.85417,1.2559,1.2717,0.91692557
3,0.0013972,1,0.73765,-1.1677,-0.34513,3.2247,1.0005,0.88528,0.87735,0.25193,0.66157,0.59722,0.91692557
3,1.16e-06,1,1.9612,-1.6795,-0.084334,7.7425,1.6961,1.3463,2.1276,1.7124,1.4887,2.0224,0.91692557
3,2.8e-05,1,-1.3257,0.664,-0.36787,5.3216,1.6166,0.96684,1.4646,1.2031,1.015,1.521,0.91692557
4,9.9e-06,1,-1.2839,0.73678,-0.38773,6.728,0.83256,0.64697,0.61937,1.2657,1.3986,1.3927,0.7554091978
4,2.01e-07,1,-0.48684,0.70145,-0.45319,9.6248,1.5801,1.3984,1.5077,1.1622,1.6151,1.2572,0.7554091978
4,1.36e-05,1,-0.24242,-0.60754,-1.1832,4.9856,0.72075,1.0578,0.54801,1.2622,1.1179,0.79901,0.7554091978
4,1.62e-07,1,-0.66308,0.23019,-0.36195,9.1107,1.9366,1.4663,1.6814,1.2464,1.5521,1.2813,0.7554091978
4,0.00090511,1,0.061213,-0.50321,-1.0732,3.6776,0.23685,0.54266,0.71754,0.79771,0.55751,0.56985,0.7554091978
4,7.92e-08,1,0.66975,-0.64787,0.058804,9.6357,1.9523,1.6667,1.8796,1.3069,1.283,1.687,0.7554091978
4,8.9e-05,1,0.60834,0.14913,1.2717,6.8872,1.1499,1.1625,1.2633,1.2405,1.5504,1.1458,0.7554091978
4,7.41e-05,1,0.89694,-0.11112,0.69712,5.7041,1.0312,1.7479,1.5138,1.6794,1.6854,1.6899,0.7554091978
4,3.3e-06,1,0.48162,-0.43649,0.15283,7.2475,1.5218,1.5637,0.87209,1.1056,1,1.581,0.7554091978
4,0.00084572,1,-0.39953,0.52459,0.45744,4.6456,0.88596,0.26684,1.1696,0.7613,1.0479,1.064,0.7554091978
4,5.48e-06,1,0.20717,-0.36908,-0.84051,6.373,1.0233,1.4908,1.1674,0.93289,0.99328,1.6009,0.7554091978
4,0.0042716,1,-1.1395,1.3123,0.33951,3.7887,0.91241,1.1775,0.52543,0.98094,1.1043,0.62461,0.7554091978
4,0.00033956,1,0.084149,0.4778,1.0801,5.7367,0.4968,1.3678,0.49838,1.2831,1.3354,1.4197,0.7554091978
4,7.12e-06,1,-0.38243,0.03554,-0.69861,6.7428,0.49546,1.1079,1.1292,0.67363,0.48218,0.61037,0.7554091978
4,0.046997,1,-0.37481,0.018706,-0.95857,1.5672,0.39845,1.019,0.88299,1.0024,0.28268,0.7265,0.7554091978
4,8.25e-05,1,0.81345,-0.81663,-0.19023,5.1045,1.0433,1.4334,0.64752,1.1297,1.156,1.4713,0.7554091978
4,0.19015,1,-1.177,-1.1593,-3.0643,-0.36636,0.68033,0.86783,1.3126,1.2912,0.47807,0.71093,0.7554091978
4,2.77e-06,1,0.74989,-1.0351,0.20962,6.3686,1.5073,1.9655,1.5048,1.162,1.2299,1.8319,0.7554091978
4,0.0007936,1,-0.38621,0.4988,0.09635,3.7388,1.3297,0.64399,0.7386,1.4293,1.0445,0.89477,0.7554091978
5,4.5e-05,1,-0.44276,0.10194,-0.44223,5.4241,0.87967,1.3243,1.4252,1.3511,1.4144,1.1881,0.99321283
5,2.61e-05,1,-0.52244,1.7515,1.8938,8.1159,2.7022,2.27,1.964,2.7097,1.9037,2.2184,0.99321283
5,0.00040956,1,0.53792,-0.20953,0.55362,4.5153,1.4772,1.5453,0.81067,0.81619,1.5671,1.2172,0.99321283
5,3.48e-06,1,0.91819,-1.3328,-0.25977,7.9881,0.6603,1.0024,0.42593,1.163,1.0705,1.109,0.99321283
5,0.00021063,1,0.45342,0.13603,-0.25304,5.8469,1.4017,0.83423,1.2681,1.0857,1.0387,0.98829,0.99321283
5,0.0060924,1,0.20419,-0.79916,-0.96962,2.4086,0.28564,0.82009,0.23368,0.46766,0.52513,0.13577,0.99321283
6,0.0037448,1,-1.5142,1.5733,0.25718,4.1588,0.56188,1.0715,0.28096,0.62756,0.54953,0.66586,0.947410155
6,4.62e-07,1,-0.62883,1.4653,1.5916,9.6134,2.8638,2.5235,2.4871,2.8376,2.2741,2.4819,0.947410155
6,3.53e-06,1,-0.85799,0.706,-0.51812,7.745,0.77354,0.77063,0.94106,1.531,0.78648,1.3137,0.947410155
6,1.18e-07,1,1.1838,-0.58482,0.70218,10.029,1.4299,1.4782,2.0342,1.5578,1.9111,1.9008,0.947410155
6,0.00049513,1,1.6841,-2.1936,-1.0242,4.1642,0.80548,0.95506,0.18029,0.73171,0.45684,0.063962,0.947410155
6,0.0059554,1,-1.2846,0.81864,-0.36046,3.0005,0.13745,0.21706,0.67329,0.44371,0.55481,0.51462,0.947410155
6,8.99e-06,1,0.83455,-0.69453,0.4654,6.3897,1.1573,1.132,1.9067,1.3936,1.6482,1.226,0.947410155
6,0.0015909,1,-0.83271,0.64332,-0.6205,4.1261,0.86943,0.76915,0.28425,0.58708,0.98043,0.029617,0.947410155
6,0.0017436,1,-1.5821,2.5346,1.2252,5.5407,1.8249,1.3936,1.5774,1.3056,1.2809,1.045,0.947410155
6,0.0020947,1,1.1896,-0.5224,0.87903,3.9905,0.71641,1.2379,1.5116,1.4828,0.88451,1.5267,0.947410155
6,0.0070898,1,-0.246,-0.12087,-0.33734,2.6194,0.87187,0.25977,0.91667,0.7791,0.16563,0.71632,0.947410155
6,3.89e-06,1,-0.4815,0.59107,-0.32992,6.8285,1.7002,1.9984,1.5963,1.4038,1.8806,1.2695,0.947410155
6,0.0021969,1,-0.24525,0.00658,-0.56667,2.9044,1.2447,1.3068,1.0203,0.99638,1.2613,0.59978,0.947410155
6,6.11e-06,1,-1.6675,1.5741,0.4534,7.1057,1.9136,2.251,2.1711,1.3063,1.504,1.5862,0.947410155
6,1.01e-06,1,0.54554,-0.43931,0.33779,7.7014,1.7661,1.4702,1.5546,1.7957,1.5197,1.4835,0.947410155
6,0.00093568,1,-0.36033,1.0683,1.6478,5.0729,1.2465,1.1556,1.1348,1.34,0.82818,1.4399,0.947410155
6,5.1e-06,1,1.643,-1.311,0.86171,8.3027,1.6743,1.1143,1.3497,1.1442,1.5741,1.0625,0.947410155
6,0.024913,1,-0.09521,-0.2798,-0.37464,1.4647,0.66959,0.5928,0.65655,0.89346,0.64462,1.0225,0.947410155
6,8.22e-05,1,-1.4721,1.6697,0.15266,4.9928,1.7677,2.1418,1.4692,1.3581,2.0513,1.8257,0.947410155
6,9.15e-07,1,-0.82319,1.0533,0.51553,8.4421,1.9435,1.5083,2.0862,1.444,1.5405,1.5343,0.947410155
6,0.0010855,1,-2.1235,2.0721,0.23039,5.151,0.97683,1.0469,1.2481,1.292,1.1999,0.45508,0.947410155
6,0.00058511,1,-2.6522,2.184,-0.69969,4.452,1.4468,1.3585,0.93667,0.81104,1.3883,1.4038,0.947410155
6,1.33e-05,1,-0.31315,1.2473,1.1387,7.8612,1.2009,1.3226,2.0046,1.5997,1.8765,1.6209,0.947410155
6,3.37e-05,1,-0.40575,0.0034772,-1.1065,5.251,1.535,1.4182,1.537,1.5885,1.592,0.69403,0.947410155
7,1.75e-06,1,1.3098,-1.1674,0.14773,7.313,1.8159,1.9774,1.8409,2.2636,1.5682,1.756,0.973335568
7,3.28e-05,1,0.72763,-0.59044,0.44051,6.5809,1.3933,0.70644,1.0334,0.8685,1.2458,1.3347,0.973335568
7,0.0082896,1,-0.21394,0.19424,-0.63773,2.5576,0.71471,0.33633,1.2296,1.1594,0.735,0.5385,0.973335568
7,0.00020898,1,-0.56189,1.4933,1.7612,7.2787,1.0995,1.7416,1.4577,1.6396,1.1949,1.6629,0.973335568
7,0.0060202,1,-1.6204,0.98,-0.7491,3.3913,0.24943,1.028,1.0932,0.52002,0.70327,0.62922,0.973335568
7,0.00342,1,-1.5674,1.2985,-0.48749,4.0468,0.16412,0.35029,0.40958,0.86666,0.73526,0.32578,0.973335568
7,4.49e-06,1,1.4152,-2.0403,-0.64896,6.2788,1.0747,0.94813,1.5087,1.5304,1.1798,0.97953,0.973335568
7,1.19e-05,1,0.21152,-0.53065,-0.70524,6.2765,1.41,0.65671,0.83156,0.68389,0.94601,1.4548,0.973335568
7,3.92e-07,1,1.011,-0.57927,0.94159,9.3059,1.7951,2.271,1.975,2.0424,1.4467,1.5836,0.973335568
7,0.00059532,1,-0.27001,-1.2426,-2.7235,3.1485,0.59436,0.88237,0.39622,0.70091,0.24639,0.77766,0.973335568
7,3.09e-06,1,0.48845,-0.41688,0.247,7.1417,1.827,1.364,1.6719,1.5456,1.4119,1.5562,0.973335568
7,3.07e-05,1,-1.1427,1.4478,0.18181,7.1114,1.3913,1.7649,1.6418,1.7908,1.2044,1.4097,0.973335568
7,0.00029891,1,-0.9627,1.1105,0.22931,5.0366,0.75549,0.93949,1.3165,1.6729,1.1456,1.3564,0.973335568
7,0.00024592,1,-0.9624,0.65768,-0.86187,4.27,0.77667,1.3162,1.2666,1.0864,0.77506,1.5148,0.973335568
7,8.23e-05,1,-2.0185,1.9606,-0.13227,6.4892,1.257,1.0322,1.5392,1.3664,1.2583,1.7568,0.973335568
7,5.66e-06,1,0.33411,1.2449,2.7308,9.1447,2.7701,2.3605,2.7072,2.1567,2.6785,2.5127,0.973335568
7,8.9e-07,1,-0.68832,0.69328,-0.21038,8.6581,1.914,1.927,1.096,1.4452,1.4336,1.1655,0.973335568
7,0.0018947,1,-1.1623,0.3347,-1.9272,4.1738,0.63479,1.1981,1.33,0.80211,1.1468,0.35624,0.973335568
7,2.73e-05,1,-0.06955,-0.56799,-0.77145,5.0243,1.2257,1.4232,1.3322,1.328,1.2919,0.63002,0.973335568
7,0.0036833,1,-1.6614,0.69781,-1.5884,2.7005,0.72966,0.89446,0.88674,0.25809,0.25395,0.71358,0.973335568
7,1.38e-05,1,0.32889,-0.96365,-0.65329,5.5738,0.98302,0.89979,1.0723,1.4062,0.74707,0.85926,0.973335568
7,4.97e-06,1,1.3269,-0.81629,0.28275,8.5545,0.92222,0.96422,1.1802,0.75274,1.1987,0.85724,0.973335568
7,1.91e-06,1,0.16318,-0.1654,0.10025,7.2094,2.0299,2.0019,2.0273,1.6788,2.105,2.0003,0.973335568
7,0.00097026,1,1.6612,-1.0368,0.92773,5.2174,0.66894,1.2727,0.86017,0.69557,1.1736,1.0438,0.973335568
7,0.00081529,1,-0.80202,0.98933,0.10442,5.1883,1.084,0.89238,1.0248,0.6716,0.51577,0.5074,0.973335568
8,0.00057133,1,2.0368,-1.1082,0.57538,5.1356,1.4332,1.8139,1.7013,1.1027,1.0997,1.4885,0.98144107
8,2.86e-05,1,0.46594,-0.61244,-0.18632,5.9854,1.5797,1.1708,0.91901,0.94032,0.94649,0.92725,0.98144107
8,0.017959,1,-0.12238,0.092815,-0.29694,2.4385,1.1547,1.1258,0.45707,0.7246,0.43385,1.0427,0.98144107
9,5.92e-07,1,1.6477,-1.1781,0.26443,8.9132,1.9342,1.7147,1.9861,1.4201,1.8506,2.2635,0.999320048
9,0.00064098,1,1.2794,-0.34463,0.70464,4.7526,1.7083,1.3897,1.3915,1.6023,1.1841,1.2575,0.999320048
9,6.65e-06,1,-0.010738,0.13262,0.73622,6.9496,2.1855,2.0599,1.969,1.9678,2.1149,1.2704,0.999320048
9,9.56e-06,1,0.50236,-0.72637,-0.54521,6.5118,0.96573,1.5999,1.1749,1.281,1.4635,1.7523,0.999320048
9,6.47e-06,1,1.1848,-0.72302,1.3151,8.3322,1.3644,1.5264,1.9804,1.8358,1.9432,1.5894,0.999320048
9,1.57e-05,1,-0.39984,0.41028,0.1526,6.3159,1.5525,1.9345,1.4816,1.8431,1.2841,2.0582,0.999320048
10,2.53e-05,1,0.38427,-0.26249,-0.58869,5.8275,0.97108,1.5531,1.7705,0.97957,1.8476,1.6795,0.91950791
10,0.027032,1,0.34198,0.033708,-0.06591,2.1403,1.2551,0.62784,1.332,0.95747,1.2483,0.38288,0.91950791
10,1.79e-06,1,-0.91752,1.3075,0.70937,8.8641,2.0682,1.4185,1.324,1.4583,2.0425,1.3422,0.91950791
10,3.88e-05,1,-1.2194,1.0657,-0.75262,7.5435,0.67375,0.75911,0.6204,0.7846,0.52396,1.0946,0.91950791
10,0.052164,1,-0.91987,0.85323,0.31187,1.7493,0.36012,0.9944,0.59091,0.4279,0.82243,0.42646,0.91950791
10,0.0012302,1,0.19861,0.14495,0.72349,4.1119,0.65328,1.0055,1.4868,0.85456,0.70688,0.63433,0.91950791
11,2.37e-05,1,0.23141,0.011348,0.38697,5.9665,1.4866,1.587,1.6068,1.3499,1.3752,1.0146,0.5871681286
11,0.00015276,1,0.96707,-0.11448,1.8992,5.7809,1.4507,1.4265,1.2039,1.2952,1.3212,1.2827,0.5871681286
11,0.0014144,1,0.41273,-0.72818,-0.95433,3.3166,0.26459,0.41814,0.45843,0.55533,0.53927,0.28532,0.5871681286
11,0.0044926,1,-1.6422,1.1951,-0.71617,2.6962,0.40172,1.1306,1.3205,0.9101,0.89735,0.80432,0.5871681286
11,1.14e-08,1,1.4528,-0.38088,1.4332,12.129,2.6399,2.2346,2.3103,2.0111,2.6781,2.112,0.5871681286
11,0.00064903,1,-0.74833,0.5408,0.50444,4.3258,0.54266,0.56575,0.81969,0.62916,1.1054,0.89058,0.5871681286
11,0.00010638,1,0.69647,0.391,1.3606,6.7331,1.1509,1.1153,1.1919,0.82828,1.6966,1.5833,0.5871681286
11,2.07e-06,1,2.5152,-2.0023,0.97829,8.8656,1.7136,1.234,1.4915,1.7596,1.9535,1.5689,0.5871681286
11,0.00035088,1,0.40321,0.68663,1.7893,5.0724,1.5027,1.3508,2.0836,1.4283,2.2007,1.9967,0.5871681286
11,6.45e-05,1,0.95565,-0.62965,0.32705,5.5811,0.64506,1.4715,0.63008,1.4527,1.0811,1.491,0.5871681286
11,7.36e-05,1,0.95581,-1.1121,-0.2125,5.5456,0.36766,0.24887,0.55159,0.50115,0.40627,0.25159,0.5871681286
11,0.00011002,1,1.1768,-0.48833,1.3314,5.912,1.0353,1.4511,1.3735,1.5046,0.97417,1.2029,0.5871681286
11,6.47e-05,1,0.73197,-0.7005,0.070659,5.3732,1.3528,1.3464,0.47218,0.53131,0.76458,1.3937,0.5871681286
11,3.07e-05,1,1.2215,-1.3122,-0.32362,5.9429,0.55619,0.70563,0.99646,0.77744,0.45574,0.32278,0.5871681286
11,0.39169,1,0.8188,-1.6668,-1.0167,0.26645,0.96608,0.55585,0.55978,0.51072,0.69907,0.97091,0.5871681286
11,1.01e-05,1,0.63488,0.20834,1.4636,7.4007,1.8025,2.1345,2.1932,1.5998,1.2372,1.9566,0.5871681286
11,2.85e-06,1,1.1127,-0.5429,0.78905,7.9235,1.5391,1.6952,1.1583,1.574,1.4506,1.0357,0.5871681286
11,0.00015238,1,0.9252,-1.1259,-0.43341,4.0841,0.72363,1.0913,0.68099,1.3113,1.3195,0.81394,0.5871681286
11,1.19e-06,1,0.61548,-0.50609,0.56467,7.8076,1.5437,1.6929,1.763,1.6574,1.0527,1.3191,0.5871681286
11,0.01344,1,-0.82565,0.67077,-0.30292,2.5779,0.91674,0.94285,0.99834,0.91534,0.77216,0.15761,0.5871681286
12,0.0067578,1,1.9542,-2.2188,0.24874,2.7998,0.86892,0.67514,1.2855,1.2853,0.89717,1.2062,0.9904344
12,0.0028078,1,1.1889,-1.3966,-1.3445,3.914,0.76177,0.87607,0.94717,0.18403,0.61796,1.1123,0.9904344
13,1.35e-05,1,-0.41266,0.51942,-0.40874,4.5813,0.95301,1.0076,0.90652,0.85493,0.92627,1.6869,0.1372143587
13,8.54e-07,1,0.25624,-1.256,-1.9533,5.8333,0.94024,1.0545,0.63322,0.43736,0.58647,0.99214,0.1372143587
13,0.32351,1,-2.5924,1.7835,-1.8394,-0.47629,1.2957,1.1549,1.1716,1.346,1.3621,0.49264,0.1372143587
13,0.11934,1,-1.975,1.6971,-0.69809,0.12611,0.76704,0.19892,0.53752,0.13229,0.19772,0.84469,0.1372143587
13,1.53e-05,1,-2.2021,1.6249,-0.93988,4.3327,0.91712,0.51091,1.3071,0.59945,1.3133,0.85642,0.1372143587
13,8.63e-08,1,-0.054971,0.45447,0.47131,9.3267,1.8749,1.6851,1.1392,1.7705,1.2737,1.6408,0.1372143587
13,2.64e-07,1,-0.33053,0.23625,0.26124,7.2579,1.2216,1.8226,1.4475,1.2834,1.5891,1.2567,0.1372143587
13,0.00073207,1,0.075589,-1.0536,-1.9621,2.0433,0.78371,0.21243,0.26571,0.53349,0.39587,0.21098,0.1372143587
13,6.67e-07,1,-0.78654,1.0299,0.44595,7.448,1.0159,1.4894,1.0949,1.5791,1.621,1.1167,0.1372143587
13,1.53e-06,1,1.8521,-0.33603,2.3312,9.0206,2.4227,2.4896,2.9601,2.4232,2.4521,2.4559,0.1372143587
13,1.37e-06,1,-0.33352,0.6993,0.80537,7.353,1.0601,1.3886,1.091,1.1557,1.689,1.9624,0.1372143587
13,0.41917,1,-0.93251,0.27752,-1.1457,-0.5634,0.57103,0.94414,0.79606,0.39062,1.2652,0.4628,0.1372143587
14,0.001242,1,0.1703,-0.10392,0.0031697,4.6536,0.96956,0.79974,1.1092,0.87044,1.0551,1.052,0.99248205
14,0.0028136,1,1.4837,-1.1835,0.60469,3.9933,0.68179,0.55334,0.68796,0.8369,0.51109,1.4241,0.99248205
14,0.0018414,1,1.1957,-1.4355,-0.1484,3.8493,0.36553,0.51233,1.0132,0.32867,0.33192,0.57985,0.99248205
14,0.00043983,1,0.57404,-0.40762,0.53248,5.5818,0.36782,0.66262,0.38516,0.96911,0.55939,0.52729,0.99248205
14,0.00091172,1,0.19568,1.0051,1.431,4.637,1.5676,2.2962,2.0691,1.5656,2.394,1.808,0.99248205
14,8.16e-05,1,1.955,-1.804,0.18942,6.5206,0.74032,0.65399,1.0628,1.0823,0.92434,1.0782,0.99248205
14,0.0001878,1,0.017882,0.51218,0.47493,6.0335,1.0319,1.1201,1.5328,0.91343,0.93006,1.4554,0.99248205
15,0.021531,1,-0.87844,-0.091818,-0.78696,0.74525,0.6082,0.22888,0.82058,0.87446,0.52414,0.34548,0.267814714
15,0.61633,1,-0.92497,-0.010465,-1.3109,-0.56165,0.97183,0.72044,1.454,0.90428,1.1089,1.3685,0.267814714
15,1.36e-06,1,0.23964,-0.48127,0.023316,6.7089,0.83674,0.80516,1.1127,1.6514,0.98823,1.3757,0.267814714
15,4.78e-05,1,1.2738,-1.3198,-0.0010173,4.8242,1.0273,1.3938,1.3312,1.4123,1.256,0.77375,0.267814714
15,0.0073338,1,0.4167,-0.89631,-1.0638,1.6901,0.28164,0.35448,0.44097,0.70734,0.65633,0.9034,0.267814714
15,3.97e-05,1,3.4379,-2.0617,2.1594,7.979,1.4996,1.8185,1.3786,2.2684,1.9194,1.5411,0.267814714
15,3e-06,1,0.34945,-0.35804,-0.084684,5.8491,1.2212,1.9208,1.9254,1.6309,1.9672,1.4603,0.267814714
15,0.021527,1,1.2533,-1.8032,-1.1099,1.368,1.255,1.1711,0.39584,0.84904,0.90325,0.65403,0.267814714
15,7.59e-06,1,0.5818,0.34033,1.6517,7.1071,1.9698,1.5155,2.12,1.9813,2.0274,1.4247,0.267814714
15,9.66e-07,1,-0.51314,0.49433,0.0943,6.7347,1.6787,1.4038,1.2824,2.2112,1.6632,2.1067,0.267814714
15,0.013231,1,0.043139,-0.58179,-1.1955,1.1627,0.9453,0.24925,0.36691,0.62263,0.77593,0.2716,0.267814714
15,0.00049095,1,2.1714,-1.9074,0.40761,4.6797,0.90966,0.38686,0.97815,0.81913,0.30577,0.99497,0.267814714
15,7.39e-06,1,1.7404,-2.1001,-0.14778,6.1121,1.4089,0.67304,0.53742,0.78938,0.85217,1.2542,0.267814714
15,0.051632,1,0.13987,-1.0602,-1.5776,0.80212,0.94156,1.5147,1.2371,0.96991,1.1505,0.96932,0.267814714
15,1.73e-06,1,-0.96926,0.79352,-0.28615,6.5399,1.9768,1.296,1.1978,1.4174,1.9123,1.5047,0.267814714
16,6.17e-08,1,-0.44304,1.4779,1.031,10.025,2.116,1.8759,2.2002,1.9937,2.1641,2.572,0.1280963964
16,4.2e-07,1,1.1671,-1.2689,-0.39024,7.2446,1.4067,1.1099,1.3985,1.0612,0.95807,1.295,0.1280963964
16,5.12e-06,1,-0.75005,0.099339,-0.58137,5.887,0.68659,0.85704,0.6027,0.26156,0.74195,0.13992,0.1280963964
16,3.78e-08,1,-0.29398,0.47679,0.098832,9.315,1.2238,1.9642,1.1763,1.6523,1.6292,1.2507,0.1280963964
16,1.07e-07,1,-0.6092,1.764,1.8367,10.53,1.9936,2.4853,2.2067,2.1444,2.6606,2.6646,0.1280963964
16,1.68e-06,1,-0.11851,-1.0448,-1.8636,6.567,1.1884,0.55131,0.65377,0.44048,0.88865,0.28206,0.1280963964
16,0.0086974,1,-0.83165,0.12701,-0.45705,0.87015,0.92596,0.29477,0.39236,0.70334,0.085681,0.055489,0.1280963964
16,2.13e-05,1,1.7087,-1.4159,0.68162,5.5601,1.8251,1.3933,1.5947,1.2395,1.2625,1.8287,0.1280963964
16,8.01e-06,1,0.54747,-0.41388,0.35113,6.0583,0.93072,1.5152,1.1492,0.56982,1.4598,1.3927,0.1280963964
16,9.42e-05,1,-0.87542,0.74059,0.0099274,3.51,1.0258,1.4704,0.73949,1.3662,0.84816,1.2905,0.1280963964
16,0.52414,1,-0.8933,0.75712,-0.18322,-0.35406,0.55617,0.8065,0.80139,0.39367,0.09589,0.75754,0.1280963964
16,0.00029038,1,-0.87154,0.01122,-1.0563,2.7013,0.26062,0.62987,0.7306,1.0724,0.35053,0.78683,0.1280963964
16,4.63e-07,1,-0.21469,0.41152,0.45705,7.5876,1.971,1.9388,1.8974,1.9382,1.1253,1.0439,0.1280963964
16,0.00015098,1,-0.76128,1.5114,0.60092,5.3328,0.8382,0.58678,1.1892,0.60128,0.63645,0.85856,0.1280963964
16,6.33e-06,1,-1.2259,0.58075,-1.3218,5.0677,1.1169,1.4811,1.0029,1.1795,1.374,1.3948,0.1280963964
16,0.019492,1,-0.13042,-0.22041,-0.77274,0.84133,0.75275,0.40196,0.59014,0.43909,0.92624,0.77714,0.1280963964
16,0.31854,1,-0.37149,-0.27229,-1.1519,-0.53455,1.1212,0.46317,1.2006,0.3915,0.90328,1.1229,0.1280963964
16,2.13e-06,1,0.92482,-1.7636,-1.2161,5.6027,1.0252,0.55394,0.62923,1.0238,0.48132,0.4133,0.1280963964
16,6.41e-08,1,0.27144,0.21317,0.88546,9.7665,1.5414,1.6104,2.0889,1.1827,1.1812,2.0104,0.1280963964
16,3.14e-06,1,-0.29957,0.38688,0.30964,5.3955,1.145,1.412,1.8355,1.1741,1.3876,1.2159,0.1280963964
16,0.00018054,1,-0.24453,0.72517,0.75883,4.3416,0.72003,1.4214,1.5094,1.1853,0.61717,0.53129,0.1280963964
16,0.00024284,1,0.8176,-1.1746,-0.85411,3.5423,0.8034,0.17239,0.33364,0.1534,0.11819,0.77379,0.1280963964
16,1.1e-05,1,-0.34626,0.74119,0.45697,5.7481,1.4622,1.0836,1.3232,1.0463,1.2738,0.88644,0.1280963964
16,1.54e-05,1,0.66567,-0.9742,-0.20701,4.2353,1.5332,1.7188,1.1848,1.4717,0.78734,1.4117,0.1280963964
17,0.00075741,1,-0.016105,-0.64872,-0.91194,3.4624,0.37135,1.2751,0.85817,0.83368,1.1133,1.2326,0.96051639
17,2.41e-05,1,0.028197,0.19007,0.34379,6.5047,1.4266,1.0559,1.3581,1.821,1.5927,1.1253,0.96051639
17,0.03661,1,0.55817,-0.97077,-0.83367,1.6794,0.51191,0.30644,0.21107,0.47664,1.0849,0.29832,0.96051639
17,0.0020921,1,-0.49675,0.23172,-0.53767,3.8563,0.61582,0.40873,0.46356,0.83127,0.26283,0.77386,0.96051639
18,0.00088902,1,-0.93901,-0.032084,-2.1121,2.8376,0.43008,0.89502,0.51308,0.54205,0.8182,0.67442,0.9027231853
18,9.35e-06,1,-0.97182,1.2633,-0.29746,8.2352,1.3877,0.70325,1.4517,1.2982,1.4953,0.97494,0.9027231853
18,1.86e-07,1,-0.48712,1.5808,1.491,10.924,2.0351,2.0431,1.9104,2.0889,2.1425,2.2044,0.9027231853
18,0.00010777,1,1.1346,-0.52433,1.1977,5.5613,1.2935,1.4852,1.2392,1.5081,1.1874,1.2073,0.9027231853
18,1.16e-05,1,0.59914,-0.64307,-0.069005,6.2898,0.64264,1.3173,1.6265,0.71014,1.4186,0.72341,0.9027231853
18,0.00016311,1,-0.76595,0.94322,0.64542,5.2745,1.5665,0.71461,0.71578,1.127,0.93689,1.1027,0.9027231853
18,0.00016527,1,-0.28923,-0.084394,-0.62225,4.2009,0.7655,0.41652,1.1554,0.53505,1.305,0.89596,0.9027231853
18,2.87e-08,1,1.642,-0.81772,1.177,11.941,1.6773,2.4084,2.4693,2.4783,1.8618,2.3453,0.9027231853
18,1.28e-07,1,0.67054,-0.56222,0.37999,9.2817,1.5428,1.9907,1.9069,1.6062,2.1348,2.0462,0.9027231853
18,4.76e-07,1,1.2005,-1.3568,-0.19972,8.03,1.8439,1.3969,1.5187,1.8308,1.7448,1.5825,0.9027231853
18,0.00078007,1,0.18321,-1.2317,-1.6401,2.9639,0.75102,1.0363,0.6875,0.67451,0.56776,0.77034,0.9027231853
18,7.39e-05,1,0.49084,-0.036754,0.89184,5.96,0.72245,0.78867,1.0956,0.71582,1.5178,1.4156,0.9027231853
18,6.87e-06,1,1.5435,-0.75204,0.62867,7.0858,1.7453,1.8043,1.8897,1.3326,1.9949,1.5643,0.9027231853
18,0.076714,1,-1.2274,0.92324,-0.49432,1.4555,0.63765,0.45799,0.12381,0.61457,0.4386,0.79874,0.9027231853
18,0.0022485,1,-0.021498,-0.77763,-0.86865,2.6554,0.52384,0.02271,0.44998,0.66826,0.14156,0.028412,0.9027231853
18,8.76e-07,1,0.74402,0.14204,1.195,8.385,2.4679,1.896,2.0447,2.6651,2.43,1.7384,0.9027231853
18,0.00017046,1,-0.63739,-0.56098,-1.4721,4.1271,0.29788,1.0585,0.49761,0.58581,0.54311,1.0451,0.9027231853
18,0.015887,1,0.2762,-0.44094,-0.046967,2.3642,0.38514,0.76539,0.23913,0.50229,0.9227,0.81228,0.9027231853
18,1.06e-05,1,-0.99845,0.75692,-0.59957,7.1608,1.1202,1.016,1.2226,1.0398,0.87547,1.186,0.9027231853
18,3.76e-05,1,0.046684,-0.086707,-0.0014666,6.0767,0.34428,0.78516,1.0014,0.36633,0.34721,0.92186,0.9027231853
19,4.12e-05,1,0.099929,1.5368,3.171,8.112,1.8483,1.6958,2.1252,1.5396,2.1782,2.2548,0.33759518189
19,1.92e-05,1,1.2587,-1.1972,0.023954,6.2427,1.4223,1.3614,0.62995,1.0981,0.70476,1.1067,0.33759518189
19,0.0028392,1,1.4225,-0.9827,0.6128,3.6705,1.3421,0.83025,0.67838,0.57584,1.134,1.2874,0.33759518189
19,5.31e-06,1,-0.33985,-0.31311,-0.87814,5.8383,0.89776,0.91196,0.48431,1.1235,0.73203,0.8724,0.33759518189
19,3.43e-05,1,-0.99858,0.21927,-1.1916,4.376,0.29801,0.8411,0.30362,0.90323,0.84228,0.97123,0.33759518189
19,1.26e-06,1,0.64574,-1.0074,-0.38911,6.6216,1.5245,1.1737,1.7804,1.4474,0.93954,1.2803,0.33759518189
19,1.15e-07,1,0.8749,-0.64521,0.53305,9.0825,1.782,2.1729,2.2966,1.8963,1.6445,2.371,0.33759518189
19,5.04e-07,1,-1.0449,0.75833,0.012665,6.9046,2.041,1.6238,2.0214,1.3944,1.1117,1.5321,0.33759518189
19,5.69e-05,1,1.7551,-1.401,0.11044,6.4606,0.56019,0.49278,0.7168,0.60339,0.58156,0.7735,0.33759518189
19,7.45e-05,1,1.3601,-1.1067,0.37934,5.9066,0.66182,0.59935,0.69139,0.73171,0.69919,0.75404,0.33759518189
19,7.01e-09,1,-0.8837,0.33049,-0.29522,10.39,1.4431,1.4008,1.3768,1.0091,1.46,1.2305,0.33759518189
19,3.51e-07,1,0.59483,-0.9542,-0.21409,7.7142,1.2228,1.5473,1.0365,1.0748,1.7955,1.3216,0.33759518189
19,4.22e-06,1,-0.56879,0.34531,-0.51568,5.3076,1.6781,1.6259,1.001,1.3794,1.3384,1.3302,0.33759518189
19,3.16e-05,1,-0.1103,-0.43882,-0.59737,4.7754,0.43754,0.69824,0.75129,0.77855,0.66022,0.41504,0.33759518189
19,1.16e-07,1,-1.7033,3.214,1.8162,11.413,2.6238,2.1454,2.8754,2.9976,2.1806,2.4024,0.33759518189
19,0.0016902,1,-0.48503,0.5635,0.18782,3.2005,0.50459,0.9919,0.68657,0.40119,0.36269,1.0613,0.33759518189
19,2.99e-06,1,0.5087,0.12507,0.86118,7.3496,2.2391,1.3951,1.8308,1.4685,1.2971,1.9006,0.33759518189
19,0.65623,1,-2.7552,1.8767,-1.3767,-0.69371,0.62466,1.0177,0.407,0.61104,0.56179,0.76096,0.33759518189
19,0.00015624,1,-0.0093942,-0.48408,-0.92366,4.4816,0.54737,0.42731,0.33527,0.56281,0.81362,0.27234,0.33759518189
19,4.5e-07,1,-0.053735,0.6844,0.77604,8.1537,1.7071,1.9581,2.0657,2.3155,1.6697,2.3928,0.33759518189
19,0.0012161,1,0.27328,-1.3364,-1.2044,2.8556,1.1241,0.68806,0.60093,0.64771,0.83314,0.50276,0.33759518189
19,5.51e-08,1,1.3203,-1.3447,0.033006,9.8318,1.2175,1.3605,1.9176,2.0484,1.6606,1.9655,0.33759518189
20,0.00086781,1,0.32786,0.14855,0.36082,3.97,1.4451,0.73122,0.56537,0.92599,0.83922,1.158,0.8976922697
20,2.51e-06,1,-1.2034,1.1032,-0.56585,7.1081,1.1328,1.828,1.4454,1.3045,0.92431,1.64,0.8976922697
20,6.61e-05,1,0.40621,-0.66295,-0.21587,5.2383,0.634,1.1488,0.56574,0.39513,1.1607,0.37909,0.8976922697
20,6.92e-06,1,-0.19077,-0.80405,-1.242,5.2881,0.59159,0.92135,0.48677,1.0386,1.1192,0.47136,0.8976922697
20,0.032623,1,-0.14525,-0.71708,-1.3858,1.0184,1.0158,0.23798,0.27023,0.071555,0.94104,0.31638,0.8976922697
20,1.02e-07,1,1.1372,-0.14269,1.0983,10.803,1.8771,1.5571,1.6863,1.4828,1.9836,2.3257,0.8976922697
20,1.07e-06,1,1.0523,-0.65045,-0.45136,8.3295,1.081,1.2806,0.90938,0.85063,1.5872,1.1296,0.8976922697
20,2.7e-05,1,0.42829,-0.92853,-1.0549,5.222,0.58068,0.72582,1.2172,0.77458,0.43914,0.94006,0.8976922697
20,0.002668,1,0.37982,0.076961,1.2401,3.5747,0.62171,0.86485,0.90768,1.386,0.67751,0.72383,0.8976922697
20,0.0054281,1,-0.15198,-0.15313,-0.58931,2.343,0.33774,0.88075,0.72808,0.69302,0.25881,0.61849,0.8976922697
20,0.021018,1,-2.6789,2.5184,-0.22168,3.2321,0.1934,0.4866,0.51421,0.29141,0.59832,0.64373,0.8976922697
20,2.54e-06,1,-0.8029,-0.71819,-2.0454,6.3682,0.95924,0.7707,0.96556,0.26723,0.4504,0.76043,0.8976922697
20,2.34e-06,1,0.39021,-0.99712,-0.87467,6.0594,0.9977,1.1805,1.1695,1.2841,0.87911,1.5187,0.8976922697
20,0.00086916,1,1.725,-1.7807,-0.2118,3.8991,0.50287,1.0068,0.90381,0.33945,0.31837,1.1745,0.8976922697
20,0.00014484,1,0.3877,-1.2202,-1.6733,3.4839,0.53462,0.88443,1.0642,0.98475,0.57037,1.0666,0.8976922697
20,1.54e-05,1,0.87226,-0.42209,0.39543,5.824,1.3517,1.5356,1.387,1.6854,1.1191,2.0109,0.8976922697
20,6.83e-08,1,1.1246,-0.42954,1.0821,10.409,1.8586,2.4681,1.6539,1.984,2.1859,2.0854,0.8976922697
20,8.77e-06,1,-0.15066,-0.59386,-1.3253,5.1181,0.65235,0.89366,0.61087,1.3187,1.0808,0.95132,0.8976922697
20,0.023955,1,-0.68869,-0.26435,-1.6345,1.4389,1.0196,0.78155,0.90806,1.1069,0.76195,0.86393,0.8976922697
20,0.014601,1,-2.0934,1.4895,-0.93343,2.1842,0.51517,0.81914,0.12979,0.25663,0.35844,0.31904,0.8976922697
21,6.25e-07,1,0.63229,0.018618,0.49616,7.6907,1.4134,1.2483,1.2804,1.1452,1.2126,1.0226,0.010180871
21,0.00022344,1,0.51933,-1.4725,-0.96512,2.0052,0.25516,0.92771,1.1551,0.87239,0.45052,0.54273,0.010180871
21,0.00011396,1,1.9436,-0.9909,1.89,5.6775,1.8313,1.3233,1.3488,1.5164,1.2111,0.98313,0.010180871
21,1.15e-05,1,-0.442,0.9151,0.92248,4.8828,1.7643,1.8533,1.9621,1.144,1.4286,1.1872,0.010180871
21,4.26e-05,1,0.75468,-0.012059,1.2027,5.5241,1.0743,0.82961,0.67984,0.77956,0.80966,1.4529,0.010180871
21,2.4e-07,1,0.19333,-0.40942,-0.51803,6.5027,1.2684,1.6253,1.3046,1.3585,1.2645,1.4532,0.010180871
21,1.13e-06,1,-2.3242,2.2105,0.56087,7.373,1.8768,2.0332,1.4459,1.372,1.3421,1.7659,0.010180871
21,5.02e-07,1,1.1203,-1.3681,-0.044106,6.9323,1.2443,0.78121,0.80501,1.499,1.6086,1.1294,0.010180871
21,0.0020493,1,-0.040644,-0.69007,-1.7296,0.62314,1.2405,1.2572,1.368,1.0307,0.65276,0.91865,0.010180871
21,4.45e-07,1,0.75837,-1.7682,-1.6272,5.3096,0.84304,0.60599,0.72125,1.2089,0.87848,0.72447,0.010180871
21,1.35e-05,1,-0.72238,0.21544,-0.35043,3.9671,0.72329,0.52055,0.78378,0.58538,1.3009,0.88771,0.010180871
21,0.00030351,1,-0.32076,-0.21434,-0.51071,1.1463,0.59087,1.0067,1.1687,0.68755,1.027,0.97582,0.010180871
21,0.00012979,1,-0.34501,0.25716,0.11207,3.5755,0.83009,0.36186,0.73339,0.73448,0.56893,0.74949,0.010180871
21,5.84e-07,1,0.80878,0.20044,1.4624,8.2195,1.8583,2.2829,1.6043,1.8346,1.5702,2.1844,0.010180871
21,0.00029959,1,-1.696,1.9202,-0.19467,2.8589,0.76326,1.2638,1.1254,0.67224,0.8565,1.5534,0.010180871
21,0.00015785,1,0.90806,-1.1965,-0.37291,3.1874,0.069158,0.26694,1.026,0.2833,1.0613,0.66886,0.010180871
21,3.54e-05,1,-0.046195,0.98483,0.68887,5.747,0.67947,0.84533,1.0226,0.70738,1.1664,0.91286,0.010180871
21,1.69e-06,1,1.4276,-0.55964,1.6045,8.4817,1.0707,1.6341,1.8631,1.2276,1.147,1.6956,0.010180871
21,8.73e-07,1,-1.1702,1.474,0.23412,7.6131,1.4848,1.3277,1.6401,1.2208,1.5887,1.7518,0.010180871
21,2.09e-05,1,-0.59285,1.036,1.4131,5.3124,1.2952,1.7015,1.1233,1.5,1.7591,1.0884,0.010180871
21,1.99e-05,1,1.292,-0.55234,1.0853,6.4263,1.0363,0.90475,1.6234,1.1516,1.3533,1.3736,0.010180871
21,1.16e-05,1,-0.80315,0.19669,-0.83956,3.5692,0.78759,0.51603,1.1811,1.264,0.58189,0.66311,0.010180871
21,0.98422,1,-1.0758,0.022685,-2.0816,-2.7701,1.0514,0.94183,0.77794,1.6751,0.81588,0.97554,0.010180871
21,0.0021602,1,-1.6741,1.1582,-1.0584,1.0288,0.9196,1.0648,0.64156,1.2058,0.25423,0.71337,0.010180871
22,6.02e-06,1,1.3609,-1.2565,0.37265,6.5193,1.3299,1.7043,1.2338,1.7601,1.474,1.1742,0.99351015
22,8.07e-06,1,-1.9092,2.4892,1.0281,8.5461,1.7557,2.2967,1.9344,2.0634,2.3678,1.7917,0.99351015
22,0.0062679,1,-0.28471,-0.015311,-0.16654,2.1669,0.55697,1.0659,0.94764,0.4933,0.79622,0.4454,0.99351015
22,0.00020786,1,1.0529,-0.32026,0.99493,5.5598,0.68457,1.6207,0.67047,1.5301,0.68686,1.4704,0.99351015
23,0.0001499,1,1.5305,-1.4538,-0.024112,4.3884,0.93093,1.4212,0.90751,1.0529,1.2741,1.1871,0.743859986
23,5.87e-06,1,-0.74729,-0.024038,-1.1985,5.94,1.0712,0.81178,1.3774,1.1952,1.4751,0.83749,0.743859986
23,0.00055138,1,0.59389,-1.195,-0.97166,3.6805,0.45424,0.82105,0.45992,0.22997,0.73932,0.94341,0.743859986
23,0.00031445,1,-1.1665,1.4361,0.45218,4.9113,1.3198,1.3253,1.7504,0.99644,1.6402,1.8009,0.743859986
23,1.02e-05,1,1.2685,-0.8855,0.49794,6.6412,1.2877,1.1169,1.8352,1.8011,1.6513,1.6255,0.743859986
23,0.0013218,1,0.12767,-0.084201,-0.23773,3.5868,1.0275,0.5188,0.83314,0.78774,0.3178,1.1647,0.743859986
23,6.33e-05,1,-1.5078,1.6974,0.36651,6.6868,1.7852,1.4714,1.5747,1.5922,1.3685,1.52,0.743859986
23,2.94e-05,1,0.31664,-0.61898,-0.6174,5.5102,0.9896,0.81365,1.1849,0.92793,1.0919,1.1591,0.743859986
23,6.94e-07,1,-0.31374,1.0685,0.80847,9.1173,2.3245,2.2144,1.7184,1.9674,2.3721,1.8591,0.743859986
23,4.05e-05,1,-1.0278,0.2191,-1.3507,5.1099,1.069,0.93273,0.99734,0.84374,1.2844,1.0552,0.743859986
23,0.002234,1,0.26314,-0.71383,-0.33426,2.6699,0.30735,0.35793,1.1511,0.69916,0.72446,0.60098,0.743859986
23,0.00026934,1,-1.5433,2.6828,1.9146,7.8173,1.8012,1.8749,1.4297,1.848,2.1514,1.746,0.743859986
23,0.00010911,1,2.4475,-1.6141,1.2688,6.7063,1.7155,1.0875,1.7626,0.89745,1.392,0.88374,0.743859986
23,1.86e-05,1,-0.69741,1.0181,0.80708,6.3402,1.6188,1.7024,2.1616,2.2635,1.4782,1.8381,0.743859986
23,0.0024254,1,-0.21415,-0.24392,-1.285,2.94,0.47126,0.059533,0.34391,0.65508,0.53136,0.025153,0.743859986
23,1.4e-05,1,-1.4145,1.8559,0.79698,7.4147,1.7241,1.9054,2.4191,2.2456,1.9211,2.0738,0.743859986
23,0.23934,1,0.58156,-1.4175,-1.1735,0.60453,1.1167,1.2261,0.97099,0.97473,0.99827,0.85766,0.743859986
23,0.0054654,1,-1.2233,0.91338,-0.93866,3.0277,0.80949,0.44737,0.43871,0.3195,1.0251,0.81921,0.743859986
23,2.83e-06,1,-1.1236,0.67226,-0.93385,7.8586,1.3491,1.1862,0.64671,1.1117,1.3414,0.67831,0.743859986
23,0.00094454,1,0.52654,-0.50316,0.49502,3.9766,1.2545,0.68303,0.45014,0.788,1.0172,0.58824,0.743859986
23,0.000754,1,-1.302,1.1748,0.35515,5.1136,0.67002,0.54881,0.24185,0.63648,1.1506,0.4102,0.743859986
23,0.0020753,1,-0.90495,1.0296,0.27627,3.2998,1.4726,1.2905,1.174,0.82207,1.6953,0.73019,0.743859986
24,1.92e-07,1,0.87163,-1.4217,-1.2611,9.9218,0.72505,1.1987,1.2756,1.041,1.1189,0.74996,0.796993362
24,1.65e-05,1,0.31965,-1.1343,-0.78674,6.2979,0.92285,0.18312,0.95788,0.89187,1.0327,0.54554,0.796993362
24,0.00013833,1,0.54034,-0.6427,-0.28117,4.7701,0.61743,0.99433,1.3353,0.96798,1.2171,1.0884,0.796993362
24,2.01e-07,1,-0.64377,0.34028,-0.043936,9.7974,1.7505,1.2072,1.42,1.4482,1.1332,1.6613,0.796993362
24,5.05e-07,1,0.22528,-0.17143,0.32188,8.9403,1.1456,1.4026,1.9092,1.4184,1.6652,2.0136,0.796993362
24,0.20145,1,0.10692,-0.31451,0.47148,0.78469,1.0701,0.6299,1.2799,1.2844,1.0835,1.042,0.796993362
24,0.00018581,1,-0.46797,-0.321,-0.97054,3.8722,1.3451,1.2191,1.479,0.89326,1.5382,0.86595,0.796993362
24,1.76e-05,1,-0.059764,0.54802,1.2032,6.9954,1.2167,1.6558,1.9853,1.7774,2.0174,1.7911,0.796993362
24,0.0011975,1,0.35371,-0.038149,0.057977,3.7012,1.5092,1.6195,1.1427,1.0041,1.2728,1.5969,0.796993362
25,0.0070703,1,1.6668,-2.2331,-0.6864,1.9365,0.5212,0.95438,0.53498,0.86559,1.072,1.111,0.5771337273
25,0.00028859,1,-1.9646,1.9327,-0.012917,4.7736,0.83119,1.3147,1.5041,1.054,1.4612,1.6649,0.5771337273
25,8.57e-08,1,-0.27716,0.83171,0.35601,9.9989,2.3018,1.4402,1.3975,2.3586,2.0612,1.8987,0.5771337273
25,3.07e-07,1,0.72236,-1.2035,-0.93918,7.5546,1.5145,1.5312,1.3966,1.3044,0.91022,1.4277,0.5771337273
25,2e-05,1,1.5838,-0.79087,1.42,6.3907,1.7887,2.2377,1.4436,2.0544,2.0693,1.9527,0.5771337273
25,7.17e-06,1,-1.3197,0.23818,-1.717,5.3178,1.0283,0.5073,0.96241,0.44922,0.40981,0.90157,0.5771337273
25,0.0043691,1,-0.026274,0.16138,-0.24188,2.8941,0.20105,0.69023,0.63396,0.51105,0.17178,0.072155,0.5771337273
25,3.18e-05,1,0.25793,-0.45276,-0.70559,5.1693,0.81788,0.40966,0.69423,0.94269,0.87236,0.44503,0.5771337273
25,0.022498,1,-0.43868,-0.0043053,-0.48422,1.7107,0.90999,0.98133,0.77782,0.65736,0.54712,0.5141,0.5771337273
25,9.04e-06,1,0.32246,0.18247,0.97323,6.3952,2.0578,1.9879,1.6003,1.1476,1.3655,1.3924,0.5771337273
25,4.84e-07,1,1.3178,-0.13274,1.8744,9.1862,2.0863,1.8858,2.7516,2.0177,1.8552,1.8254,0.5771337273
25,0.014358,1,0.0043341,-0.74456,-0.67307,1.7468,0.53101,1.2259,1.191,0.86207,0.93694,1.0625,0.5771337273
25,0.0012768,1,0.44597,-1.0601,-0.90289,3.1319,0.38642,0.31767,0.63867,0.53023,0.90727,1.0502,0.5771337273
25,0.00013076,1,0.071095,0.34925,0.31332,5.5049,0.83076,0.31006,0.33901,0.85538,0.78383,0.68872,0.5771337273
25,0.31773,1,-2.2745,0.55505,-2.5417,0.24334,1.9206,1.4345,0.94698,1.6276,1.0696,1.5593,0.5771337273
25,4.06e-07,1,0.52241,-0.59248,-0.27288,7.6045,1.3627,1.6344,1.1225,1.5273,1.6492,1.6287,0.5771337273
25,1.65e-05,1,0.22848,-0.08053,0.44454,6.0527,0.82182,1.1557,1.4114,1.097,1.0662,1.548,0.5771337273
25,1.03e-05,1,-0.082978,1.342,1.6376,7.913,1.645,1.8847,1.4874,1.8689,1.5863,1.7163,0.5771337273
25,5.22e-05,1,-1.6601,1.0228,-0.50707,4.9232,0.80894,1.0268,1.2685,1.0722,1.4055,0.58356,0.5771337273
25,0.00079131,1,-0.32667,0.45156,-0.66835,3.5415,0.51114,0.69658,0.80338,0.39454,0.78773,0.44404,0.5771337273
25,0.038394,1,1.7404,-1.1203,0.33007,2.1375,0.7941,0.59212,0.5017,1.2096,0.50009,1.1449,0.5771337273
25,1.82e-05,1,0.84637,-0.41681,0.48914,5.15,1.7411,2.0191,1.378,2.0466,1.3309,2.0462,0.5771337273
25,0.00038624,1,-0.99048,1.0822,0.25528,4.6429,0.70524,1.1734,0.71845,0.37409,0.64408,1.2961,0.5771337273
25,6.68e-06,1,-1.2476,1.0118,-0.85756,7.6678,0.60881,1.0218,0.64251,1.0509,0.81043,0.71744,0.5771337273
25,0.0154,1,-0.67035,-1.2992,-3.076,0.87544,0.87605,0.51478,1.3488,0.42004,0.61357,0.65355,0.5771337273
26,1.96e-05,1,0.16776,-1.4601,-1.7131,4.666,0.46227,0.51764,0.67268,0.18517,0.96671,0.82746,0.704508019
26,0.0089331,1,0.248,-0.20888,-0.060684,2.3762,0.91773,0.49293,0.22789,0.71939,1.1171,0.6136,0.704508019
26,0.00012254,1,-0.66525,0.82258,0.58185,5.1861,1.404,0.78327,1.291,0.94949,1.6486,0.8822,0.704508019
26,0.00014555,1,-0.4114,1.2639,1.3753,6.5601,1.0353,1.593,1.2035,1.295,0.848,1.3355,0.704508019
26,5.11e-05,1,-1.0006,2.3582,2.1663,8.9455,1.4624,2.0367,1.8721,1.7545,1.6505,1.5736,0.704508019
26,4.22e-06,1,-0.95738,1.0691,-0.0072027,7.7202,1.2045,1.0272,1.2789,0.9343,0.92424,1.1869,0.704508019
26,7.09e-06,1,-0.99371,0.38753,-1.1257,5.8954,0.82735,0.67601,0.89612,1.0236,0.96956,1.5551,0.704508019
26,2.31e-07,1,0.16782,0.63002,1.8696,10.477,1.715,2.1703,2.4382,1.6848,1.7474,2.166,0.704508019
26,0.00082348,1,0.23226,-0.1113,0.47164,3.9829,0.99396,0.50371,0.75724,0.71822,0.57499,0.66804,0.704508019
26,1.94e-05,1,-0.83667,1.4983,1.0666,7.5334,1.2462,1.6717,1.751,1.9793,1.6165,1.5902,0.704508019
26,0.075047,1,-0.91921,-0.37517,-2.0327,0.68687,0.78756,1.1043,1.1085,0.94616,1.0063,0.44599,0.704508019
26,0.0001284,1,2.2806,-2.2192,0.11634,5.2563,1.1938,1.0696,1.2408,0.67079,0.87729,1.4046,0.704508019
26,0.00029687,1,1.4204,-1.383,0.09821,4.5632,1.1055,1.1008,1.0186,0.37445,0.94287,0.909,0.704508019
26,0.043493,1,-0.72283,-0.2962,-1.9529,1.2547,0.63439,0.60106,0.63429,1.0906,0.61113,1.2673,0.704508019
26,2.78e-05,1,-0.75196,0.11984,-1.1018,6.1195,0.92325,0.74727,0.39205,0.35252,0.14609,0.69271,0.704508019
26,2.26e-05,1,-0.99328,1.3642,1.0715,7.0455,1.2393,1.5456,1.3972,1.9697,1.5118,1.656,0.704508019
26,0.16635,1,-0.14279,0.17869,-0.10096,1.1325,0.91288,0.39833,0.75402,0.1926,0.48964,0.17767,0.704508019
27,7.01e-05,1,1.032,-1.6746,-1.1524,5.2295,0.53549,0.36401,0.47178,0.68221,0.017039,0.78613,0.882559213
27,0.0010566,1,0.6702,-0.18831,0.26582,4.5191,0.77339,0.68268,0.99446,0.68033,1.216,1.2856,0.882559213
27,1.9e-06,1,0.2483,0.37009,1.2939,7.8218,1.7269,2.2443,2.238,1.728,2.5037,2.253,0.882559213
27,0.00010594,1,0.62548,-0.98996,-0.91897,3.9811,1.2013,1.1553,1.1103,0.86761,1.1844,1.6309,0.882559213
27,0.0004051,1,0.43947,-0.41755,0.03922,3.8742,1.459,1.0714,1.2926,0.66065,1.6149,1.0431,0.882559213
27,0.018436,1,-1.2797,0.39842,-2.149,2.1626,0.53012,0.80602,0.90551,1.0038,1.0949,1.0468,0.882559213
27,3.11e-07,1,-0.57876,1.5507,1.1137,10.4,2.3146,2.3289,2.3883,1.8118,2.617,2.5257,0.882559213
27,0.011454,1,-1.3261,1.7024,0.5501,3.2177,1.2581,0.65078,0.61062,0.75766,0.92126,1.2625,0.882559213
27,1.96e-07,1,-0.39094,0.32407,-0.13686,8.9789,1.1582,1.3959,1.4227,1.7656,1.4688,1.2774,0.882559213
27,0.00060353,1,1.3563,-1.3618,0.29455,4.4356,0.92439,1.0323,0.87828,0.68629,0.50597,0.9178,0.882559213
27,0.00064345,1,1.299,0.36167,1.8422,6.0696,1.8748,1.1606,1.9796,1.1677,1.4938,1.2535,0.882559213
27,5.64e-05,1,-0.86578,1.5568,0.80532,6.4258,2.1022,1.9815,1.5471,1.9949,1.9705,1.5748,0.882559213
27,0.0017004,1,0.22344,-0.58746,-0.95153,3.35,0.31037,0.31031,0.58634,0.60183,0.82778,0.53178,0.882559213
27,0.00046872,1,-1.0296,1.3833,0.25199,5.5078,1.1399,1.2459,0.44754,0.76985,1.3121,0.41442,0.882559213
27,9.6e-06,1,0.02645,0.50085,0.43778,6.9538,1.903,1.6838,1.7837,1.9212,1.0298,1.2123,0.882559213
27,9.96e-06,1,-1.2507,0.23809,-1.2503,5.441,0.95806,1.3841,1.2197,0.8568,0.98038,0.88501,0.882559213
27,0.00013658,1,-0.79298,-0.18297,-1.1819,3.7266,0.58907,0.69125,1.1727,0.80129,0.78966,0.80136,0.882559213
27,0.082282,1,-1.5507,0.91463,-1.079,1.3145,0.95419,0.28882,0.49323,0.62685,0.23123,0.81301,0.882559213
28,1.87e-05,1,-0.73726,0.61942,0.47449,6.8637,1.7394,0.93677,1.4053,1.1855,1.0693,0.92116,0.999724267
28,2.99e-06,1,-0.54319,0.32634,-0.054795,7.7952,1.8319,1.6902,1.9077,1.6704,1.6696,1.4574,0.999724267
28,5.33e-07,1,0.073785,0.22545,0.28441,9.6177,2.0871,1.9762,1.9086,1.6461,2.0604,1.2015,0.999724267
28,0.00025351,1,-0.23381,-0.028781,-0.7121,5.6665,0.74887,0.32395,0.58141,0.24671,0.51026,0.91644,0.999724267
29,9.43e-06,1,-1.4512,2.1461,1.3016,7.7645,2.0817,2.4387,2.5741,2.1603,1.7044,2.3956,0.6611984
29,9.26e-05,1,0.069808,-0.53303,-0.30958,4.8773,0.034966,0.67514,0.47195,0.95835,0.15679,0.99334,0.6611984
29,9.75e-06,1,-1.3322,0.072651,-2.0981,4.6839,0.84042,0.31116,1.2111,1.098,0.37659,1.1557,0.6611984
29,2.35e-05,1,-0.17653,-0.9519,-1.8162,4.6186,0.53287,0.20655,0.92269,0.27491,0.86983,0.75888,0.6611984
29,0.00017058,1,1.4218,-1.2053,0.45071,5.7523,0.57122,1.2262,0.43618,1.133,0.99526,0.25359,0.6611984
29,2.11e-06,1,-0.49588,-0.057788,-0.5338,6.1074,1.1526,0.9627,1.5234,1.4948,1.058,1.6861,0.6611984
29,4.98e-05,1,-0.70324,0.71222,0.19336,5.0892,1.0964,0.79482,1.0987,1.5774,0.77735,0.80333,0.6611984
29,0.30217,1,-2.7582,1.2157,-2.8234,0.17231,1.2947,1.5448,1.4163,1.1574,0.9103,1.4342,0.6611984
29,0.00015216,1,0.5553,-1.5436,-1.4995,3.8075,0.44622,1.0439,0.20397,0.86725,0.59646,0.58175,0.6611984
29,0.0006913,1,-1.5181,-0.049522,-2.1804,2.1609,0.75112,0.26425,0.27473,1.0172,0.88932,0.60912,0.6611984
29,0.00012726,1,-0.43028,0.43887,-0.26187,4.6965,0.42495,0.70195,0.71155,1.0522,1.1105,0.88384,0.6611984
29,4.5e-06,1,-0.44416,0.49701,-0.64304,6.1309,0.9647,1.4544,1.7594,1.6615,1.3842,1.391,0.6611984
29,1.87e-06,1,-1.1199,1.0218,0.015892,7.2357,1.5152,2.0344,1.8292,1.9497,1.5924,1.6791,0.6611984
29,0.00089453,1,-1.2064,0.64167,-1.2426,3.4561,0.9857,0.2389,0.48537,0.49824,0.81873,0.59085,0.6611984
29,2.55e-05,1,-0.70572,0.92188,0.94588,6.6746,1.6951,1.2821,1.6455,0.93354,1.4427,1.4762,0.6611984
29,3.82e-05,1,1.125,-0.077655,0.64822,6.8117,0.98042,1.1057,0.8106,1.0792,0.89788,0.83605,0.6611984
29,0.0007402,1,-0.54192,-0.11884,-1.1643,3.0575,0.64586,0.93695,0.61256,0.68689,0.44315,0.2724,0.6611984
29,0.033167,1,0.21179,0.43205,1.0529,2.2791,1.0346,1.4253,1.4178,0.65093,1.0798,1.3619,0.6611984
29,0.00043131,1,1.7748,-0.8793,1.4123,5.715,1.2909,0.85823,1.2352,1.1204,1.6447,1.1451,0.6611984
30,7.68e-05,1,-0.62728,0.55966,0.064745,6.1256,1.298,1.6114,1.2949,1.0143,1.191,1.2221,0.9996649
30,5.2e-05,1,0.45256,-0.71109,-0.47315,5.3398,0.75177,1.2442,1.0495,0.74838,0.85075,1.547,0.9996649
30,9.76e-05,1,-0.88506,0.15004,-1.2188,5.2419,1.2508,0.75072,1.4447,1.3449,0.72937,1.4518,0.9996649
30,0.0001087,1,0.021369,0.43341,1.0634,6.8297,0.85476,1.1617,1.4439,1.4149,1.3098,0.7189,0.9996649
31,0.016369,1,-0.99836,0.77884,-0.46689,2.0771,0.5126,1.1949,0.89844,0.70147,0.88653,1.148,0.9091978723
31,0.00038718,1,0.11056,-0.43093,-0.36775,4.6071,0.43464,0.32592,0.28877,0.76887,0.11055,0.51417,0.9091978723
31,0.0075646,1,-0.82402,0.38393,-0.39222,2.6332,0.72488,0.41079,0.087564,0.10159,0.67588,0.41634,0.9091978723
31,4.16e-05,1,2.0635,-1.1002,1.8384,7.6806,1.9131,1.0762,1.6042,1.3782,1.5026,1.3509,0.9091978723
31,2.71e-05,1,-0.76872,1.2613,0.44725,7.2569,1.6997,1.2329,1.0829,1.0841,1.4467,1.1974,0.9091978723
31,1.19e-05,1,-1.9282,1.5836,-0.83945,7.1706,1.1828,1.631,1.7592,0.91985,0.82437,1.5941,0.9091978723
31,0.00033599,1,0.044665,0.13261,-0.084518,4.7301,0.56498,0.40925,0.80884,0.47121,0.8027,1.3056,0.9091978723
31,0.0081101,1,1.5953,-1.2884,0.49976,3.2711,1.1707,0.70764,0.70296,1.1937,0.45393,1.0448,0.9091978723
31,0.0014528,1,-0.27672,0.42351,0.31691,4.0396,0.75065,1.2636,0.57073,1.1206,1.0883,1.1893,0.9091978723
31,3.17e-05,1,-2.0205,1.4736,-1.0765,6.8228,0.54727,0.91533,0.68543,0.6934,0.71901,0.51024,0.9091978723
31,0.0092148,1,1.3561,-1.0269,0.71288,2.9185,1.3058,1.195,1.3776,1.2189,0.69278,0.85399,0.9091978723
31,5.97e-06,1,2.0487,-1.0712,2.3741,9.2818,2.0424,1.4386,1.874,1.6019,1.5362,1.9655,0.9091978723
31,0.013397,1,-1.8665,0.97592,-1.2694,2.3002,0.47792,0.25353,0.71901,0.41681,0.28759,0.38327,0.9091978723
31,0.00013656,1,3.1448,-2.2695,2.141,6.9573,1.4647,1.1928,1.5784,1.463,1.549,1.8019,0.9091978723
31,0.029994,1,0.84172,-0.32985,1.178,2.5082,1.0012,1.2092,0.54369,1.2856,0.63646,0.97325,0.9091978723
31,1.01e-06,1,0.79601,-0.4448,-0.26192,7.8566,1.5003,1.9815,1.9815,1.6265,2.0365,1.4835,0.9091978723
31,0.00089989,1,1.1648,-0.31158,1.2184,4.7739,1.2669,1.2438,1.6842,1.0497,0.781,1.5534,0.9091978723
31,0.00011916,1,-0.2408,-0.035395,-0.68204,5.2511,0.37017,0.91325,0.80766,0.31959,0.52447,0.51933,0.9091978723
31,0.0024374,1,-0.2134,0.38974,-0.59619,4.0223,0.80315,0.2722,0.69489,0.66102,0.060701,0.58726,0.9091978723
31,0.0002643,1,-1.3143,0.74533,-0.48238,4.8124,0.44723,0.75905,0.91928,0.77734,1.1532,1.105,0.9091978723
31,6.77e-08,1,-0.15282,0.036509,0.35703,10.075,1.6426,1.4802,1.3582,1.7905,1.3112,1.4404,0.9091978723
32,1.13e-06,1,-1.6149,1.8517,0.27632,9.2311,1.8873,1.9044,1.1757,1.4036,1.9077,1.4799,0.852421433
32,0.071596,1,-1.0891,0.82275,-0.48259,1.3581,1.0323,0.39736,0.69201,0.80154,0.19824,0.98358,0.852421433
32,3.44e-05,1,0.69822,0.073727,1.1921,6.6778,0.89185,0.94181,1.0172,0.98436,1.2983,1.5329,0.852421433
32,0.00015353,1,-1.5175,1.4501,0.096844,4.7703,1.6608,1.3475,0.7149,1.6177,0.73203,1.4731,0.852421433
32,3.67e-06,1,1.866,-1.0263,1.2635,7.5041,1.4846,1.7187,1.7573,1.9755,1.655,1.5813,0.852421433
32,0.0010969,1,0.3849,-1.5302,-1.5967,2.4825,0.039336,0.65185,0.08075,0.1637,0.80334,1.0047,0.852421433
32,0.056527,1,0.74564,-0.50084,0.74914,1.5313,1.304,0.73804,1.3361,0.53584,0.98748,1.2006,0.852421433
32,1.45e-06,1,2.364,-1.8923,0.77007,7.4515,1.5153,2.4693,1.5513,1.9718,1.7615,2.0598,0.852421433
32,2.42e-06,1,-0.0038199,-0.32571,-0.70608,6.3872,0.97295,0.80007,1.2419,1.2031,0.79596,1.0922,0.852421433
32,1.87e-07,1,-0.14546,-0.24109,-0.59432,8.2081,1.4509,1.8384,1.2315,1.3986,1.714,1.0693,0.852421433
32,2.63e-05,1,-0.98543,0.45767,-0.95922,4.6731,1.6236,0.89555,1.1848,0.91358,0.71314,0.9825,0.852421433
32,0.0016509,1,-1.5526,1.1718,-0.7588,3.7301,0.12843,1.0668,0.9849,0.14976,0.27146,0.46778,0.852421433
32,2.19e-05,1,-0.11714,-1.1624,-2.2734,5.0081,0.55566,0.12905,0.32138,0.070457,0.54652,0.055861,0.852421433
32,4.27e-06,1,-0.27874,0.64146,-0.10242,6.6708,1.2392,1.2214,1.7869,1.4781,1.6492,1.1718,0.852421433
32,0.012151,1,-0.3034,-0.22319,-0.61441,1.9158,0.50697,0.63473,0.98112,0.31233,0.76983,0.62586,0.852421433
32,9.71e-06,1,0.44225,-0.89977,-0.91307,4.7679,1.5348,1.6857,1.4565,1.1258,1.3916,1.6177,0.852421433
32,0.0042978,1,-0.39545,0.012742,-0.3118,2.1345,0.31584,0.59023,0.6643,0.67007,1.1622,0.28247,0.852421433
33,3.89e-05,1,-0.92744,0.36197,-0.75537,5.4989,1.136,0.861,0.75464,0.78794,0.65281,1.3833,0.81451496
33,0.0011839,1,-0.36693,-0.21447,-0.76316,2.6717,1.1986,0.72027,1.2427,0.88762,0.67172,1.2744,0.81451496
33,1.41e-05,1,0.43072,-1.7249,-1.5029,4.8891,0.98054,0.54108,1.0443,1.2415,0.53569,0.44342,0.81451496
33,4.99e-05,1,-1.2538,2.1078,1.8547,8.3807,1.646,1.7105,2.0467,1.9621,2.1719,1.2982,0.81451496
33,0.00019964,1,0.92524,-1.7482,-1.8471,3.8796,0.70815,1.0146,1.063,0.52974,0.47704,0.19632,0.81451496
33,0.17268,1,-0.13019,-0.096896,-0.054506,0.84424,0.57885,0.61004,0.93788,1.1077,0.46712,0.30751,0.81451496
33,7.47e-05,1,-2.0706,2.5802,0.92803,8.2069,1.1455,1.3004,1.4162,1.4233,1.3624,1.6639,0.81451496
33,1.5e-05,1,0.70355,-0.14822,0.41351,6.7832,1.3139,0.97,1.3671,1.2008,1.2641,1.4585,0.81451496
33,5.59e-05,1,1.8894,-1.2458,0.61431,6.7528,1.5105,0.92874,1.5025,1.5248,1.1639,1.51,0.81451496
33,0.0086104,1,-1.1178,0.41845,-0.96222,2.0071,0.58857,0.27218,0.68027,0.74675,1.0517,0.69153,0.81451496
33,0.002505,1,-0.24608,-0.38628,-1.9829,4.2157,0.65301,0.94372,0.69858,1.0978,1.2799,1.0786,0.81451496
33,4.18e-05,1,0.47234,-0.45609,-0.096442,6.079,0.53166,0.41798,0.3411,0.41492,0.80092,1.0934,0.81451496
33,1.58e-05,1,-0.023509,-0.13861,-0.99008,5.6633,1.7314,1.0845,0.88434,1.6487,1.179,0.98877,0.81451496
34,8.16e-05,1,0.23492,-0.95898,-1.5636,3.6592,0.6265,0.93517,1.3315,1.07,1.2009,0.50094,0.4662065
34,1.6e-06,1,-0.67783,1.6347,1.7378,8.5099,2.4806,2.2695,2.107,1.9306,1.7944,2.0928,0.4662065
34,0.5201,1,-1.4162,1.1158,-0.71683,0.53097,0.37284,0.4805,1.2114,0.69278,0.98474,0.94374,0.4662065
34,1.12e-06,1,-0.78718,0.35289,-0.61533,6.9835,1.5601,0.95273,1.6085,0.80193,0.74188,0.69486,0.4662065
34,4.39e-06,1,-0.056804,0.90088,1.4576,8.6521,1.4307,0.99107,1.3288,1.3813,1.0915,0.97833,0.4662065
34,0.01303,1,0.72151,-1.6409,-1.3324,2.0438,1.1609,1.0901,0.46228,1.3211,1.1953,0.98813,0.4662065
34,0.00020636,1,-0.80291,0.89037,0.25116,4.1865,1.2233,1.1765,1.2462,1.1512,0.6148,1.122,0.4662065
34,0.00036426,1,-0.6133,0.98533,0.24036,4.1421,1.0852,1.0683,0.61438,0.93217,1.3248,1.3833,0.4662065
34,4.17e-06,1,-0.2287,0.89377,0.9847,7.6324,1.4951,1.8207,1.6603,1.8148,1.906,1.5319,0.4662065
35,0.0030721,1,0.71061,-0.36208,0.16965,2.7741,0.52413,0.29727,0.5505,0.39076,1.1557,0.22744,0.1618055096
35,9.15e-07,1,1.4801,-2.0611,-1.5026,5.9745,1.4255,1.6042,0.78417,0.91581,1.3523,1.0319,0.1618055096
35,7.44e-06,1,-0.968,0.31591,-1.0352,5.5467,0.13677,0.27667,0.62553,0.96811,0.71036,0.75069,0.1618055096
35,0.037773,1,1.6641,-1.1131,1.0533,1.7631,0.65049,0.94698,1.1865,0.95708,1.0179,0.78748,0.1618055096
35,2.7e-07,1,-0.37413,0.083004,-0.92488,6.8711,1.3465,1.2997,1.2349,1.1257,1.1714,1.6457,0.1618055096
35,5.33e-05,1,1.7821,-1.1764,1.0408,4.8356,1.8646,1.8967,1.6394,1.7215,1.7636,1.9706,0.1618055096
35,0.00052835,1,0.92777,-0.86642,-0.10257,3.78,0.8129,0.3543,0.54844,0.40652,0.3221,0.98997,0.1618055096
35,0.00014862,1,1.0817,-1.1186,-0.01497,4.1026,0.37551,0.7716,0.69348,0.38343,0.57757,0.5027,0.1618055096
35,9.98e-07,1,0.74687,-0.82437,0.060295,6.5933,1.2599,1.3402,1.3832,1.4404,1.2933,0.98992,0.1618055096
35,9.04e-08,1,-0.44274,1.2963,1.2598,9.9202,1.6411,2.1005,1.6582,2.0282,1.6447,2.5392,0.1618055096
35,0.00013809,1,-2.2727,1.5619,-1.5047,3.9942,0.80249,0.097237,0.65615,0.0097555,0.61732,0.46622,0.1618055096
35,2.72e-07,1,0.012562,1.0194,1.7275,8.8204,1.991,2.7257,2.4189,2.4209,2.7683,2.2134,0.1618055096
35,3.3e-05,1,-0.2639,0.72365,0.27174,5.6195,0.61622,1.4146,0.72082,1.4185,1.0392,0.67178,0.1618055096
35,0.00070784,1,-1.935,0.46835,-2.5483,2.4371,1.3732,1.3859,1.3004,0.95101,1.5992,1.0395,0.1618055096
35,0.55807,1,-2.1859,1.0461,-1.762,-0.95536,0.58946,0.77124,0.72953,1.1191,1.0061,0.73893,0.1618055096
35,2.05e-07,1,0.25761,-0.43661,0.14461,8.2684,0.69579,0.80015,0.87599,0.69626,0.71003,0.86474,0.1618055096
35,0.23766,1,-0.10697,-0.77061,-1.5839,-0.16525,1.6056,0.72802,1.3668,0.6141,0.93705,1.2601,0.1618055096
36,0.005108,1,-1.064,0.90753,-0.065376,3.2624,1.1698,0.2934,0.80573,0.71073,0.48882,1.1422,0.9733875096
36,1.95e-06,1,0.89356,-1.334,-0.38849,6.6932,1.0506,1.4142,1.1956,1.5531,1.8101,1.3626,0.9733875096
36,0.00025045,1,0.048788,-0.11998,0.44183,4.3659,1.4343,1.2233,0.845,0.89615,1.3863,1.4901,0.9733875096
36,7.66e-07,1,0.99856,-1.1882,-0.22267,7.6833,1.7643,1.8784,1.2033,1.9625,1.8079,1.646,0.9733875096
36,0.00014082,1,-1.6742,1.2118,-0.50683,4.5393,1.7964,1.4002,1.4562,0.944,1.2738,1.0924,0.9733875096
36,0.00026362,1,-1.0658,0.30183,-1.1588,4.3639,0.71534,1.0565,0.54025,1.0127,0.4302,0.53414,0.9733875096
36,7.8e-05,1,0.60397,-1.0383,-0.98659,5.5556,0.25318,0.85805,0.57951,0.47315,0.94175,0.95903,0.9733875096
36,0.0011482,1,-0.66578,1.1088,0.91961,4.6047,1.1174,1.0744,0.66431,1.0713,0.91287,1.2447,0.9733875096
36,2.43e-05,1,-0.96499,1.3095,0.89142,7.2395,1.8624,1.1931,1.2011,1.1274,1.8038,1.4093,0.9733875096
36,3.22e-05,1,0.81,-0.84861,0.28098,6.8389,1.1243,0.23118,1.0208,0.91168,0.42676,0.44542,0.9733875096
36,0.0001594,1,-1.6894,1.4487,-0.40969,5.1255,1.1809,0.82265,1.2696,0.85254,0.95995,1.5342,0.9733875096
36,0.019404,1,-0.16061,0.34939,0.11313,2.4511,0.85543,0.57432,0.52139,0.93418,0.31987,1.1401,0.9733875096
36,7.36e-07,1,0.60972,-0.70288,-0.10047,8.1664,1.7524,1.1753,1.5104,1.3214,1.5596,1.7282,0.9733875096
36,4.84e-08,1,0.26033,0.7747,2.0062,12.297,2.6845,2.0251,1.9704,2.3183,2.7015,2.0463,0.9733875096
37,0.014702,1,-0.2289,0.096354,0.11175,2.2255,0.57401,0.78308,1.0785,0.36115,0.99573,0.78653,0.948919
37,0.00032393,1,0.85042,-1.9828,-2.181,4.5066,0.89489,0.68181,0.50577,1.254,0.66514,0.65842,0.948919
37,0.035438,1,1.4829,-1.4241,0.281,1.8488,1.1035,0.86231,1.1882,0.41881,0.67709,0.72389,0.948919
37,0.0004576,1,-0.14362,0.25559,0.056396,4.3291,0.93225,1.2343,1.1648,1.2818,1.2934,0.8983,0.948919
37,0.00015947,1,0.21002,-0.8269,-1.1389,4.2588,0.89763,0.68685,0.6371,0.48718,0.54465,0.35987,0.948919
38,9.38e-05,1,1.3516,-1.2084,0.080299,5.3856,0.89149,1.2473,1.1825,1.3471,1.351,0.69085,0.85362625
38,2.93e-06,1,0.31494,-0.53806,0.042743,6.5576,1.937,1.808,1.3684,1.1636,1.1953,1.7113,0.85362625
38,0.13122,1,0.5099,-0.3221,-0.13676,1.1264,0.89431,0.51602,0.42331,0.43467,1.1447,1.2115,0.85362625
38,0.014056,1,-0.81407,0.62152,-0.22866,2.4216,0.97441,1.0504,0.80712,0.79593,0.59211,0.43759,0.85362625
38,0.00090522,1,1.7183,-1.086,0.8999,4.4038,1.058,1.5325,1.5351,1.4059,0.80232,0.80897,0.85362625
38,9.58e-05,1,0.91336,-1.0126,0.062399,4.8127,0.67987,1.0951,0.76235,0.56318,0.83384,0.5378,0.85362625
39,0.00010622,1,-1.5019,0.97348,-1.0763,6.6727,0.205,0.66232,0.48819,1.0268,0.97962,0.44456,0.99896083
39,0.00093295,1,-1.0663,0.8303,-0.4111,4.7971,0.26633,0.46244,0.84642,0.26896,0.41248,0.63135,0.99896083
40,0.00058447,1,1.6749,-1.2908,0.062393,4.6037,0.77278,0.85593,0.3497,1.0187,1.2652,0.64996,0.827195504
40,4.8e-05,1,-1.0582,1.2026,0.1751,5.1582,1.6566,1.224,0.95956,1.255,1.6954,1.4058,0.827195504
40,0.017081,1,0.33069,-0.61823,-0.46752,1.9213,0.58954,0.32564,0.66784,0.67543,0.47922,0.36611,0.827195504
40,0.092905,1,-2.018,1.804,-0.69031,1.7021,0.77164,0.43618,0.77826,0.39751,0.72196,0.66188,0.827195504
40,4.06e-07,1,0.53464,0.23902,1.1647,9.2384,1.6143,1.5572,1.8872,1.6266,1.5917,1.8778,0.827195504
40,0.00011661,1,0.94004,-0.63739,0.67457,4.648,1.3704,1.2431,1.1809,1.3359,1.6073,1.2903,0.827195504
40,4.14e-05,1,-0.5157,0.17072,-0.57467,4.6876,1.0552,0.70106,0.84458,0.82917,1.4569,1.2466,0.827195504
40,1.97e-06,1,-1.2206,1.1216,-0.28244,7.2958,1.2694,1.1757,1.25,1.1777,1.216,1.7791,0.827195504
40,0.0023521,1,-1.1493,1.0557,0.064169,2.8714,0.63134,0.77357,1.3827,1.0661,0.44354,1.3369,0.827195504
40,0.00015774,1,0.2544,-0.00050996,0.8089,4.8716,1.6353,1.1721,0.65875,1.0368,1.4111,0.84317,0.827195504
40,0.059502,1,-0.20817,-0.27967,-1.287,1.3492,0.53495,0.75336,0.77491,0.36941,0.57463,0.32203,0.827195504
40,1.38e-05,1,-1.2697,0.73867,-1.4334,5.3058,1.518,1.3172,1.403,1.2542,1.3895,0.95685,0.827195504
